0 verbose cli D:\Applications\workSum\nodejs\node.exe D:\Applications\workSum\nodejs\node_modules\npm\bin\npm-cli.js
1 info using npm@10.2.3
2 info using node@v18.19.0
3 timing npm:load:whichnode Completed in 1ms
4 timing config:load:defaults Completed in 4ms
5 timing config:load:file:D:\Applications\workSum\nodejs\node_modules\npm\npmrc Completed in 1ms
6 timing config:load:builtin Completed in 1ms
7 timing config:load:cli Completed in 1ms
8 timing config:load:env Completed in 1ms
9 timing config:load:file:E:\keshe\ai-mood-diary\frontend\.npmrc Completed in 0ms
10 timing config:load:project Completed in 1ms
11 timing config:load:file:C:\Users\35393\.npmrc Completed in 1ms
12 timing config:load:user Completed in 1ms
13 timing config:load:file:e:\keshe\.npm-global\etc\npmrc Completed in 1ms
14 timing config:load:global Completed in 1ms
15 timing config:load:setEnvs Completed in 0ms
16 timing config:load Completed in 11ms
17 timing npm:load:configload Completed in 11ms
18 timing config:load:flatten Completed in 2ms
19 timing npm:load:mkdirpcache Completed in 1ms
20 timing npm:load:mkdirplogs Completed in 0ms
21 verbose title npm install
22 verbose argv "install" "--prefer-offline"
23 timing npm:load:setTitle Completed in 1ms
24 timing npm:load:display Completed in 1ms
25 verbose logfile logs-max:10 dir:e:\keshe\.npm-cache\_logs\2026-06-26T07_49_34_875Z-
26 verbose logfile e:\keshe\.npm-cache\_logs\2026-06-26T07_49_34_875Z-debug-0.log
27 timing npm:load:logFile Completed in 18ms
28 timing npm:load:timers Completed in 0ms
29 timing npm:load:configScope Completed in 0ms
30 timing npm:load Completed in 72ms
31 timing arborist:ctor Completed in 0ms
32 silly logfile done cleaning log files
33 timing arborist:ctor Completed in 0ms
34 timing idealTree:init Completed in 18ms
35 timing idealTree:userRequests Completed in 0ms
36 silly idealTree buildDeps
37 silly fetch manifest vue@^3.4.0
38 http fetch GET 200 https://registry.npmjs.org/vue 1346ms (cache miss)
39 silly fetch manifest typescript@*
40 http fetch GET 200 https://registry.npmjs.org/npm 1562ms (cache miss)
41 http fetch GET 200 https://registry.npmjs.org/typescript 1259ms (cache miss)
42 silly fetch manifest vue-router@^4.3.0
43 http fetch GET 200 https://registry.npmjs.org/vue-router 308ms (cache miss)
44 silly fetch manifest pinia@^2.1.0
45 http fetch GET 200 https://registry.npmjs.org/pinia 311ms (cache miss)
46 silly fetch manifest typescript@>=4.4.4
47 silly fetch manifest axios@^1.7.0
48 http fetch GET 200 https://registry.npmjs.org/axios 281ms (cache miss)
49 silly fetch manifest element-plus@^2.7.0
50 http fetch GET 200 https://registry.npmjs.org/element-plus 276ms (cache miss)
51 silly fetch manifest echarts@^5.5.0
52 http fetch GET 200 https://registry.npmjs.org/echarts 283ms (cache miss)
53 silly fetch manifest vue-echarts@^6.6.0
54 http fetch GET 200 https://registry.npmjs.org/vue-echarts 293ms (cache miss)
55 silly fetch manifest @vue/composition-api@^1.0.5
56 http fetch GET 200 https://registry.npmjs.org/@vue%2fcomposition-api 370ms (cache miss)
57 silly fetch manifest vue@>= 2.5 < 2.7
58 silly fetch manifest @vue/runtime-core@^3.0.0
59 http fetch GET 200 https://registry.npmjs.org/@vue%2fruntime-core 273ms (cache miss)
60 silly fetch manifest @vitejs/plugin-vue@^5.0.0
61 http fetch GET 200 https://registry.npmjs.org/@vitejs%2fplugin-vue 317ms (cache miss)
62 silly fetch manifest vite@^5.4.0
63 http fetch GET 200 https://registry.npmjs.org/vite 452ms (cache miss)
64 silly fetch manifest @types/node@^18.0.0 || >=20.0.0
65 http fetch GET 200 https://registry.npmjs.org/@types%2fnode 908ms (cache miss)
66 silly fetch manifest less@*
67 http fetch GET 200 https://registry.npmjs.org/less 296ms (cache miss)
68 silly fetch manifest lightningcss@^1.21.0
69 http fetch GET 200 https://registry.npmjs.org/lightningcss 246ms (cache miss)
70 silly fetch manifest sass@*
71 http fetch GET 200 https://registry.npmjs.org/sass 314ms (cache miss)
72 silly fetch manifest sass-embedded@*
73 http fetch GET 200 https://registry.npmjs.org/sass-embedded 295ms (cache miss)
74 silly fetch manifest stylus@*
75 http fetch GET 200 https://registry.npmjs.org/stylus 244ms (cache miss)
76 silly fetch manifest sugarss@*
77 http fetch GET 200 https://registry.npmjs.org/sugarss 258ms (cache miss)
78 silly fetch manifest postcss@^8.3.3
79 http fetch GET 200 https://registry.npmjs.org/postcss 290ms (cache miss)
80 silly fetch manifest terser@^5.4.0
81 http fetch GET 200 https://registry.npmjs.org/terser 283ms (cache miss)
82 silly placeDep ROOT @vitejs/plugin-vue@5.2.4 OK for: ai-mood-diary-frontend@1.0.0 want: ^5.0.0
83 silly placeDep ROOT vue@3.5.39 OK for: @vitejs/plugin-vue@5.2.4 want: ^3.2.25
84 silly placeDep ROOT vite@5.4.21 OK for: @vitejs/plugin-vue@5.2.4 want: ^5.0.0 || ^6.0.0
85 silly fetch manifest rollup@^4.20.0
86 silly fetch manifest esbuild@^0.21.3
87 silly fetch manifest postcss@^8.4.43
88 silly fetch manifest fsevents@~2.3.3
89 silly fetch manifest @vue/shared@3.5.39
90 silly fetch manifest @vue/runtime-dom@3.5.39
91 silly fetch manifest @vue/server-renderer@3.5.39
92 silly fetch manifest @vue/compiler-dom@3.5.39
93 silly fetch manifest @vue/compiler-sfc@3.5.39
94 silly placeDep ROOT axios@1.18.1 OK for: ai-mood-diary-frontend@1.0.0 want: ^1.7.0
95 silly fetch manifest form-data@^4.0.5
96 silly fetch manifest proxy-from-env@^2.1.0
97 silly fetch manifest follow-redirects@^1.16.0
98 silly fetch manifest https-proxy-agent@^5.0.1
99 silly placeDep ROOT echarts@5.6.0 OK for: ai-mood-diary-frontend@1.0.0 want: ^5.5.0
100 silly fetch manifest tslib@2.3.0
101 silly fetch manifest zrender@5.6.1
102 silly placeDep ROOT element-plus@2.14.2 OK for: ai-mood-diary-frontend@1.0.0 want: ^2.7.0
103 silly fetch manifest @ctrl/tinycolor@^4.2.0
104 silly fetch manifest @element-plus/icons-vue@^2.3.2
105 silly fetch manifest @floating-ui/dom@^1.7.6
106 silly fetch manifest @popperjs/core@npm:@sxzz/popperjs-es@^2.11.8
107 silly fetch manifest @types/lodash@^4.17.24
108 silly fetch manifest @types/lodash-es@^4.17.12
109 silly fetch manifest @vueuse/core@14.3.0
110 silly fetch manifest async-validator@^4.2.5
111 silly fetch manifest dayjs@^1.11.20
112 silly fetch manifest lodash@^4.18.1
113 silly fetch manifest lodash-es@^4.18.1
114 silly fetch manifest lodash-unified@^1.0.3
115 silly fetch manifest memoize-one@^6.0.0
116 silly fetch manifest normalize-wheel-es@^1.2.0
117 silly fetch manifest vue-component-type-helpers@^3.3.3
118 silly placeDep ROOT pinia@2.3.1 OK for: ai-mood-diary-frontend@1.0.0 want: ^2.1.0
119 silly fetch manifest vue-demi@^0.14.10
120 silly fetch manifest @vue/devtools-api@^6.6.3
121 silly placeDep ROOT vue-echarts@6.7.3 OK for: ai-mood-diary-frontend@1.0.0 want: ^6.6.0
122 silly fetch manifest vue-demi@^0.13.11
123 silly fetch manifest resize-detector@^0.3.0
124 silly placeDep ROOT vue-router@4.6.4 OK for: ai-mood-diary-frontend@1.0.0 want: ^4.3.0
125 silly fetch manifest @vue/devtools-api@^6.6.4
126 http fetch GET 200 https://registry.npmjs.org/esbuild 381ms (cache miss)
127 http fetch GET 200 https://registry.npmjs.org/rollup 519ms (cache miss)
128 http fetch GET 200 https://registry.npmjs.org/fsevents 959ms (cache miss)
129 http fetch GET 200 https://registry.npmjs.org/lodash-es 945ms (cache miss)
130 http fetch GET 200 https://registry.npmjs.org/@types%2flodash-es 986ms (cache miss)
131 http fetch GET 200 https://registry.npmjs.org/https-proxy-agent 1037ms (cache miss)
132 http fetch GET 200 https://registry.npmjs.org/proxy-from-env 1043ms (cache miss)
133 http fetch GET 200 https://registry.npmjs.org/resize-detector 1024ms (cache miss)
134 http fetch GET 200 https://registry.npmjs.org/memoize-one 1034ms (cache miss)
135 http fetch GET 200 https://registry.npmjs.org/lodash-unified 1049ms (cache miss)
136 http fetch GET 200 https://registry.npmjs.org/form-data 1064ms (cache miss)
137 http fetch GET 200 https://registry.npmjs.org/tslib 1062ms (cache miss)
138 http fetch GET 200 https://registry.npmjs.org/vue-component-type-helpers 1052ms (cache miss)
139 http fetch GET 200 https://registry.npmjs.org/normalize-wheel-es 1059ms (cache miss)
140 http fetch GET 200 https://registry.npmjs.org/lodash 1066ms (cache miss)
141 http fetch GET 200 https://registry.npmjs.org/@sxzz%2fpopperjs-es 1076ms (cache miss)
142 http fetch GET 200 https://registry.npmjs.org/zrender 1092ms (cache miss)
143 http fetch GET 200 https://registry.npmjs.org/follow-redirects 1120ms (cache miss)
144 http fetch GET 200 https://registry.npmjs.org/@element-plus%2ficons-vue 1130ms (cache miss)
145 http fetch GET 200 https://registry.npmjs.org/vue-demi 1119ms (cache miss)
146 http fetch GET 200 https://registry.npmjs.org/vue-demi 1124ms (cache miss)
147 http fetch GET 200 https://registry.npmjs.org/async-validator 1132ms (cache miss)
148 http fetch GET 200 https://registry.npmjs.org/@vue%2fdevtools-api 1127ms (cache miss)
149 http fetch GET 200 https://registry.npmjs.org/@vue%2fdevtools-api 1125ms (cache miss)
150 http fetch GET 200 https://registry.npmjs.org/@floating-ui%2fdom 1141ms (cache miss)
151 http fetch GET 200 https://registry.npmjs.org/dayjs 1146ms (cache miss)
152 http fetch GET 200 https://registry.npmjs.org/@types%2flodash 1175ms (cache miss)
153 http fetch GET 200 https://registry.npmjs.org/@vue%2fcompiler-dom 1270ms (cache miss)
154 http fetch GET 200 https://registry.npmjs.org/@vue%2fruntime-dom 1280ms (cache miss)
155 http fetch GET 200 https://registry.npmjs.org/@vue%2fcompiler-sfc 1315ms (cache miss)
156 http fetch GET 200 https://registry.npmjs.org/@vue%2fserver-renderer 1410ms (cache miss)
157 http fetch GET 200 https://registry.npmjs.org/@vue%2fshared 1413ms (cache miss)
158 http fetch GET 200 https://registry.npmjs.org/@vueuse%2fcore 1436ms (cache miss)
159 http fetch GET 200 https://registry.npmjs.org/@ctrl%2ftinycolor 1495ms (cache miss)
160 timing idealTree:#root Completed in 10569ms
161 timing idealTree:node_modules/@vitejs/plugin-vue Completed in 0ms
162 silly placeDep ROOT follow-redirects@1.16.0 OK for: axios@1.18.1 want: ^1.16.0
163 silly placeDep ROOT form-data@4.0.6 OK for: axios@1.18.1 want: ^4.0.5
164 silly fetch manifest hasown@^2.0.4
165 silly fetch manifest asynckit@^0.4.0
166 silly fetch manifest mime-types@^2.1.35
167 silly fetch manifest combined-stream@^1.0.8
168 silly fetch manifest es-set-tostringtag@^2.1.0
169 silly placeDep ROOT https-proxy-agent@5.0.1 OK for: axios@1.18.1 want: ^5.0.1
170 silly fetch manifest debug@4
171 silly fetch manifest agent-base@6
172 silly placeDep ROOT proxy-from-env@2.1.0 OK for: axios@1.18.1 want: ^2.1.0
173 http fetch GET 200 https://registry.npmjs.org/hasown 263ms (cache miss)
174 http fetch GET 200 https://registry.npmjs.org/asynckit 264ms (cache miss)
175 http fetch GET 200 https://registry.npmjs.org/es-set-tostringtag 265ms (cache miss)
176 http fetch GET 200 https://registry.npmjs.org/agent-base 264ms (cache miss)
177 http fetch GET 200 https://registry.npmjs.org/mime-types 269ms (cache miss)
178 http fetch GET 200 https://registry.npmjs.org/combined-stream 272ms (cache miss)
179 http fetch GET 200 https://registry.npmjs.org/debug 274ms (cache miss)
180 timing idealTree:node_modules/axios Completed in 282ms
181 silly placeDep ROOT tslib@2.3.0 OK for: echarts@5.6.0 want: 2.3.0
182 silly placeDep ROOT zrender@5.6.1 OK for: echarts@5.6.0 want: 5.6.1
183 timing idealTree:node_modules/echarts Completed in 3ms
184 silly fetch manifest vue@^3.3.7
185 silly placeDep ROOT @ctrl/tinycolor@4.2.0 OK for: element-plus@2.14.2 want: ^4.2.0
186 silly placeDep ROOT @element-plus/icons-vue@2.3.2 OK for: element-plus@2.14.2 want: ^2.3.2
187 silly placeDep ROOT @floating-ui/dom@1.7.6 OK for: element-plus@2.14.2 want: ^1.7.6
188 silly fetch manifest @floating-ui/core@^1.7.5
189 silly fetch manifest @floating-ui/utils@^0.2.11
190 silly placeDep ROOT @popperjs/core@2.11.8 OK for: element-plus@2.14.2 want: npm:@sxzz/popperjs-es@^2.11.8
191 silly placeDep ROOT @types/lodash@4.17.24 OK for: element-plus@2.14.2 want: ^4.17.24
192 silly placeDep ROOT @types/lodash-es@4.17.12 OK for: element-plus@2.14.2 want: ^4.17.12
193 silly placeDep ROOT @vueuse/core@14.3.0 OK for: element-plus@2.14.2 want: 14.3.0
194 silly fetch manifest @types/web-bluetooth@^0.0.21
195 silly fetch manifest @vueuse/metadata@14.3.0
196 silly fetch manifest @vueuse/shared@14.3.0
197 silly placeDep ROOT async-validator@4.2.5 OK for: element-plus@2.14.2 want: ^4.2.5
198 silly placeDep ROOT dayjs@1.11.21 OK for: element-plus@2.14.2 want: ^1.11.20
199 silly placeDep ROOT lodash@4.18.1 OK for: element-plus@2.14.2 want: ^4.18.1
200 silly placeDep ROOT lodash-es@4.18.1 OK for: element-plus@2.14.2 want: ^4.18.1
201 silly placeDep ROOT lodash-unified@1.0.3 OK for: element-plus@2.14.2 want: ^1.0.3
202 silly placeDep ROOT memoize-one@6.0.0 OK for: element-plus@2.14.2 want: ^6.0.0
203 silly placeDep ROOT normalize-wheel-es@1.2.0 OK for: element-plus@2.14.2 want: ^1.2.0
204 silly placeDep ROOT vue-component-type-helpers@3.3.5 OK for: element-plus@2.14.2 want: ^3.3.3
205 http fetch GET 200 https://registry.npmjs.org/@floating-ui%2futils 246ms (cache miss)
206 http fetch GET 200 https://registry.npmjs.org/@types%2fweb-bluetooth 255ms (cache miss)
207 http fetch GET 200 https://registry.npmjs.org/@floating-ui%2fcore 318ms (cache miss)
208 http fetch GET 200 https://registry.npmjs.org/@vueuse%2fmetadata 310ms (cache miss)
209 http fetch GET 200 https://registry.npmjs.org/@vueuse%2fshared 512ms (cache miss)
210 timing idealTree:node_modules/element-plus Completed in 534ms
211 timing idealTree:node_modules/@ctrl/tinycolor Completed in 0ms
212 timing idealTree:node_modules/@element-plus/icons-vue Completed in 0ms
213 silly placeDep ROOT @floating-ui/core@1.7.5 OK for: @floating-ui/dom@1.7.6 want: ^1.7.5
214 silly placeDep ROOT @floating-ui/utils@0.2.11 OK for: @floating-ui/dom@1.7.6 want: ^0.2.11
215 timing idealTree:node_modules/@floating-ui/dom Completed in 3ms
216 timing idealTree:node_modules/@floating-ui/core Completed in 0ms
217 timing idealTree:node_modules/@floating-ui/utils Completed in 0ms
218 timing idealTree:node_modules/@popperjs/core Completed in 0ms
219 timing idealTree:node_modules/@types/lodash Completed in 0ms
220 timing idealTree:node_modules/@types/lodash-es Completed in 0ms
221 silly fetch manifest vue@^3.5.0
222 silly placeDep ROOT @types/web-bluetooth@0.0.21 OK for: @vueuse/core@14.3.0 want: ^0.0.21
223 silly placeDep ROOT @vueuse/metadata@14.3.0 OK for: @vueuse/core@14.3.0 want: 14.3.0
224 silly placeDep ROOT @vueuse/shared@14.3.0 OK for: @vueuse/core@14.3.0 want: 14.3.0
225 timing idealTree:node_modules/@vueuse/core Completed in 5ms
226 timing idealTree:node_modules/@types/web-bluetooth Completed in 0ms
227 timing idealTree:node_modules/@vueuse/metadata Completed in 0ms
228 timing idealTree:node_modules/@vueuse/shared Completed in 0ms
229 timing idealTree:node_modules/async-validator Completed in 0ms
230 timing idealTree:node_modules/dayjs Completed in 0ms
231 timing idealTree:node_modules/follow-redirects Completed in 0ms
232 silly placeDep ROOT asynckit@0.4.0 OK for: form-data@4.0.6 want: ^0.4.0
233 silly placeDep ROOT combined-stream@1.0.8 OK for: form-data@4.0.6 want: ^1.0.8
234 silly fetch manifest delayed-stream@~1.0.0
235 silly placeDep ROOT es-set-tostringtag@2.1.0 OK for: form-data@4.0.6 want: ^2.1.0
236 silly fetch manifest es-errors@^1.3.0
237 silly fetch manifest get-intrinsic@^1.2.6
238 silly fetch manifest has-tostringtag@^1.0.2
239 silly fetch manifest hasown@^2.0.2
240 silly placeDep ROOT hasown@2.0.4 OK for: form-data@4.0.6 want: ^2.0.4
241 silly fetch manifest function-bind@^1.1.2
242 silly placeDep ROOT mime-types@2.1.35 OK for: form-data@4.0.6 want: ^2.1.35
243 silly fetch manifest mime-db@1.52.0
244 http fetch GET 200 https://registry.npmjs.org/es-errors 261ms (cache miss)
245 http fetch GET 200 https://registry.npmjs.org/delayed-stream 271ms (cache miss)
246 http fetch GET 200 https://registry.npmjs.org/get-intrinsic 269ms (cache miss)
247 http fetch GET 200 https://registry.npmjs.org/function-bind 267ms (cache miss)
248 http fetch GET 200 https://registry.npmjs.org/has-tostringtag 271ms (cache miss)
249 http fetch GET 200 https://registry.npmjs.org/mime-db 268ms (cache miss)
250 timing idealTree:node_modules/form-data Completed in 278ms
251 timing idealTree:node_modules/asynckit Completed in 0ms
252 silly placeDep ROOT delayed-stream@1.0.0 OK for: combined-stream@1.0.8 want: ~1.0.0
253 timing idealTree:node_modules/combined-stream Completed in 1ms
254 timing idealTree:node_modules/delayed-stream Completed in 0ms
255 silly placeDep ROOT es-errors@1.3.0 OK for: es-set-tostringtag@2.1.0 want: ^1.3.0
256 silly placeDep ROOT get-intrinsic@1.3.0 OK for: es-set-tostringtag@2.1.0 want: ^1.2.6
257 silly fetch manifest gopd@^1.2.0
258 silly fetch manifest get-proto@^1.0.1
259 silly fetch manifest has-symbols@^1.1.0
260 silly fetch manifest es-object-atoms@^1.1.1
261 silly fetch manifest math-intrinsics@^1.1.0
262 silly fetch manifest es-define-property@^1.0.1
263 silly fetch manifest call-bind-apply-helpers@^1.0.2
264 silly placeDep ROOT has-tostringtag@1.0.2 OK for: es-set-tostringtag@2.1.0 want: ^1.0.2
265 silly fetch manifest has-symbols@^1.0.3
266 http fetch GET 200 https://registry.npmjs.org/math-intrinsics 250ms (cache miss)
267 http fetch GET 200 https://registry.npmjs.org/es-object-atoms 252ms (cache miss)
268 http fetch GET 200 https://registry.npmjs.org/get-proto 256ms (cache miss)
269 http fetch GET 200 https://registry.npmjs.org/call-bind-apply-helpers 254ms (cache miss)
270 http fetch GET 200 https://registry.npmjs.org/has-symbols 253ms (cache miss)
271 http fetch GET 200 https://registry.npmjs.org/es-define-property 256ms (cache miss)
272 http fetch GET 200 https://registry.npmjs.org/gopd 261ms (cache miss)
273 http fetch GET 200 https://registry.npmjs.org/has-symbols 264ms (cache miss)
274 timing idealTree:node_modules/es-set-tostringtag Completed in 270ms
275 timing idealTree:node_modules/es-errors Completed in 0ms
276 silly placeDep ROOT call-bind-apply-helpers@1.0.2 OK for: get-intrinsic@1.3.0 want: ^1.0.2
277 silly placeDep ROOT es-define-property@1.0.1 OK for: get-intrinsic@1.3.0 want: ^1.0.1
278 silly placeDep ROOT es-object-atoms@1.1.2 OK for: get-intrinsic@1.3.0 want: ^1.1.1
279 silly placeDep ROOT function-bind@1.1.2 OK for: get-intrinsic@1.3.0 want: ^1.1.2
280 silly placeDep ROOT get-proto@1.0.1 OK for: get-intrinsic@1.3.0 want: ^1.0.1
281 silly fetch manifest dunder-proto@^1.0.1
282 silly placeDep ROOT gopd@1.2.0 OK for: get-intrinsic@1.3.0 want: ^1.2.0
283 silly placeDep ROOT has-symbols@1.1.0 OK for: get-intrinsic@1.3.0 want: ^1.1.0
284 silly placeDep ROOT math-intrinsics@1.1.0 OK for: get-intrinsic@1.3.0 want: ^1.1.0
285 http fetch GET 200 https://registry.npmjs.org/dunder-proto 226ms (cache miss)
286 timing idealTree:node_modules/get-intrinsic Completed in 235ms
287 timing idealTree:node_modules/call-bind-apply-helpers Completed in 0ms
288 timing idealTree:node_modules/es-define-property Completed in 0ms
289 timing idealTree:node_modules/es-object-atoms Completed in 0ms
290 timing idealTree:node_modules/function-bind Completed in 0ms
291 silly placeDep ROOT dunder-proto@1.0.1 OK for: get-proto@1.0.1 want: ^1.0.1
292 timing idealTree:node_modules/get-proto Completed in 2ms
293 timing idealTree:node_modules/dunder-proto Completed in 0ms
294 timing idealTree:node_modules/gopd Completed in 0ms
295 timing idealTree:node_modules/has-symbols Completed in 0ms
296 timing idealTree:node_modules/has-tostringtag Completed in 0ms
297 timing idealTree:node_modules/hasown Completed in 0ms
298 silly placeDep ROOT agent-base@6.0.2 OK for: https-proxy-agent@5.0.1 want: 6
299 silly placeDep ROOT debug@4.4.3 OK for: https-proxy-agent@5.0.1 want: 4
300 silly fetch manifest ms@^2.1.3
301 http fetch GET 200 https://registry.npmjs.org/ms 224ms (cache miss)
302 timing idealTree:node_modules/https-proxy-agent Completed in 228ms
303 timing idealTree:node_modules/agent-base Completed in 0ms
304 silly placeDep ROOT ms@2.1.3 OK for: debug@4.4.3 want: ^2.1.3
305 timing idealTree:node_modules/debug Completed in 2ms
306 timing idealTree:node_modules/lodash Completed in 0ms
307 timing idealTree:node_modules/lodash-es Completed in 0ms
308 timing idealTree:node_modules/lodash-unified Completed in 0ms
309 timing idealTree:node_modules/math-intrinsics Completed in 0ms
310 timing idealTree:node_modules/memoize-one Completed in 0ms
311 silly placeDep ROOT mime-db@1.52.0 OK for: mime-types@2.1.35 want: 1.52.0
312 timing idealTree:node_modules/mime-types Completed in 1ms
313 timing idealTree:node_modules/mime-db Completed in 0ms
314 timing idealTree:node_modules/ms Completed in 0ms
315 timing idealTree:node_modules/normalize-wheel-es Completed in 0ms
316 silly fetch manifest @vue/composition-api@^1.0.0-rc.1
317 silly fetch manifest vue@^2.7.0 || ^3.5.11
318 silly placeDep ROOT @vue/devtools-api@6.6.4 OK for: pinia@2.3.1 want: ^6.6.3
319 silly placeDep ROOT vue-demi@0.14.10 OK for: pinia@2.3.1 want: ^0.14.10
320 timing idealTree:node_modules/pinia Completed in 7ms
321 timing idealTree:node_modules/@vue/devtools-api Completed in 0ms
322 timing idealTree:node_modules/proxy-from-env Completed in 0ms
323 timing idealTree:node_modules/tslib Completed in 0ms
324 silly placeDep ROOT esbuild@0.21.5 OK for: vite@5.4.21 want: ^0.21.3
325 silly fetch manifest @esbuild/aix-ppc64@0.21.5
326 silly fetch manifest @esbuild/linux-arm@0.21.5
327 silly fetch manifest @esbuild/linux-x64@0.21.5
328 silly fetch manifest @esbuild/sunos-x64@0.21.5
329 silly fetch manifest @esbuild/win32-x64@0.21.5
330 silly fetch manifest @esbuild/darwin-x64@0.21.5
331 silly fetch manifest @esbuild/linux-ia32@0.21.5
332 silly fetch manifest @esbuild/netbsd-x64@0.21.5
333 silly fetch manifest @esbuild/win32-ia32@0.21.5
334 silly fetch manifest @esbuild/android-arm@0.21.5
335 silly fetch manifest @esbuild/android-x64@0.21.5
336 silly fetch manifest @esbuild/freebsd-x64@0.21.5
337 silly fetch manifest @esbuild/linux-arm64@0.21.5
338 silly fetch manifest @esbuild/linux-ppc64@0.21.5
339 silly fetch manifest @esbuild/linux-s390x@0.21.5
340 silly fetch manifest @esbuild/openbsd-x64@0.21.5
341 silly fetch manifest @esbuild/win32-arm64@0.21.5
342 silly fetch manifest @esbuild/darwin-arm64@0.21.5
343 silly fetch manifest @esbuild/android-arm64@0.21.5
344 silly fetch manifest @esbuild/freebsd-arm64@0.21.5
345 silly fetch manifest @esbuild/linux-loong64@0.21.5
346 silly fetch manifest @esbuild/linux-riscv64@0.21.5
347 silly fetch manifest @esbuild/linux-mips64el@0.21.5
348 silly placeDep ROOT fsevents@2.3.3 OK for: vite@5.4.21 want: ~2.3.3
349 silly placeDep ROOT postcss@8.5.15 OK for: vite@5.4.21 want: ^8.4.43
350 silly fetch manifest nanoid@^3.3.12
351 silly fetch manifest picocolors@^1.1.1
352 silly fetch manifest source-map-js@^1.2.1
353 silly placeDep ROOT rollup@4.62.2 OK for: vite@5.4.21 want: ^4.20.0
354 silly fetch manifest @types/estree@1.0.9
355 silly fetch manifest @rollup/rollup-darwin-arm64@4.62.2
356 silly fetch manifest @rollup/rollup-android-arm64@4.62.2
357 silly fetch manifest @rollup/rollup-win32-arm64-msvc@4.62.2
358 silly fetch manifest @rollup/rollup-freebsd-arm64@4.62.2
359 silly fetch manifest @rollup/rollup-linux-arm64-gnu@4.62.2
360 silly fetch manifest @rollup/rollup-linux-arm64-musl@4.62.2
361 silly fetch manifest @rollup/rollup-android-arm-eabi@4.62.2
362 silly fetch manifest @rollup/rollup-linux-arm-gnueabihf@4.62.2
363 silly fetch manifest @rollup/rollup-linux-arm-musleabihf@4.62.2
364 silly fetch manifest @rollup/rollup-win32-ia32-msvc@4.62.2
365 silly fetch manifest @rollup/rollup-linux-loong64-gnu@4.62.2
366 silly fetch manifest @rollup/rollup-linux-loong64-musl@4.62.2
367 silly fetch manifest @rollup/rollup-linux-riscv64-gnu@4.62.2
368 silly fetch manifest @rollup/rollup-linux-riscv64-musl@4.62.2
369 silly fetch manifest @rollup/rollup-linux-ppc64-gnu@4.62.2
370 silly fetch manifest @rollup/rollup-linux-ppc64-musl@4.62.2
371 silly fetch manifest @rollup/rollup-linux-s390x-gnu@4.62.2
372 silly fetch manifest @rollup/rollup-darwin-x64@4.62.2
373 silly fetch manifest @rollup/rollup-win32-x64-gnu@4.62.2
374 silly fetch manifest @rollup/rollup-win32-x64-msvc@4.62.2
375 silly fetch manifest @rollup/rollup-freebsd-x64@4.62.2
376 silly fetch manifest @rollup/rollup-linux-x64-gnu@4.62.2
377 silly fetch manifest @rollup/rollup-linux-x64-musl@4.62.2
378 silly fetch manifest @rollup/rollup-openbsd-x64@4.62.2
379 silly fetch manifest @rollup/rollup-openharmony-arm64@4.62.2
380 http fetch GET 200 https://registry.npmjs.org/@esbuild%2faix-ppc64 285ms (cache miss)
381 http fetch GET 200 https://registry.npmjs.org/@esbuild%2fwin32-x64 313ms (cache miss)
382 http fetch GET 200 https://registry.npmjs.org/@esbuild%2flinux-s390x 324ms (cache miss)
383 http fetch GET 200 https://registry.npmjs.org/@esbuild%2fdarwin-x64 333ms (cache miss)
384 http fetch GET 200 https://registry.npmjs.org/@esbuild%2fnetbsd-x64 334ms (cache miss)
385 http fetch GET 200 https://registry.npmjs.org/@esbuild%2flinux-ppc64 331ms (cache miss)
386 http fetch GET 200 https://registry.npmjs.org/@esbuild%2fandroid-x64 339ms (cache miss)
387 http fetch GET 200 https://registry.npmjs.org/@esbuild%2flinux-arm64 343ms (cache miss)
388 http fetch GET 200 https://registry.npmjs.org/@esbuild%2fsunos-x64 356ms (cache miss)
389 http fetch GET 200 https://registry.npmjs.org/@esbuild%2ffreebsd-x64 352ms (cache miss)
390 http fetch GET 200 https://registry.npmjs.org/@esbuild%2fwin32-ia32 356ms (cache miss)
391 http fetch GET 200 https://registry.npmjs.org/@esbuild%2fandroid-arm 362ms (cache miss)
392 http fetch GET 200 https://registry.npmjs.org/@esbuild%2flinux-arm 370ms (cache miss)
393 http fetch GET 200 https://registry.npmjs.org/@esbuild%2flinux-x64 370ms (cache miss)
394 http fetch GET 200 https://registry.npmjs.org/@esbuild%2flinux-ia32 390ms (cache miss)
395 http fetch GET 200 https://registry.npmjs.org/@esbuild%2fopenbsd-x64 562ms (cache miss)
396 http fetch GET 200 https://registry.npmjs.org/@esbuild%2fandroid-arm64 563ms (cache miss)
397 http fetch GET 200 https://registry.npmjs.org/source-map-js 559ms (cache miss)
398 http fetch GET 200 https://registry.npmjs.org/@esbuild%2fdarwin-arm64 588ms (cache miss)
399 http fetch GET 200 https://registry.npmjs.org/picocolors 584ms (cache miss)
400 http fetch GET 200 https://registry.npmjs.org/@esbuild%2ffreebsd-arm64 591ms (cache miss)
401 http fetch GET 200 https://registry.npmjs.org/@types%2festree 590ms (cache miss)
402 http fetch GET 200 https://registry.npmjs.org/@esbuild%2flinux-loong64 597ms (cache miss)
403 http fetch GET 200 https://registry.npmjs.org/@esbuild%2flinux-mips64el 619ms (cache miss)
404 http fetch GET 200 https://registry.npmjs.org/@esbuild%2flinux-riscv64 621ms (cache miss)
405 http fetch GET 200 https://registry.npmjs.org/nanoid 621ms (cache miss)
406 http fetch GET 200 https://registry.npmjs.org/@esbuild%2fwin32-arm64 631ms (cache miss)
407 http fetch GET 200 https://registry.npmjs.org/@rollup%2frollup-android-arm64 626ms (cache miss)
408 http fetch GET 200 https://registry.npmjs.org/@rollup%2frollup-darwin-arm64 635ms (cache miss)
409 http fetch GET 200 https://registry.npmjs.org/@rollup%2frollup-win32-arm64-msvc 643ms (cache miss)
410 http fetch GET 200 https://registry.npmjs.org/@rollup%2frollup-freebsd-arm64 814ms (cache miss)
411 http fetch GET 200 https://registry.npmjs.org/@rollup%2frollup-linux-arm-musleabihf 813ms (cache miss)
412 http fetch GET 200 https://registry.npmjs.org/@rollup%2frollup-linux-arm-gnueabihf 830ms (cache miss)
413 http fetch GET 200 https://registry.npmjs.org/@rollup%2frollup-linux-arm64-gnu 848ms (cache miss)
414 http fetch GET 200 https://registry.npmjs.org/@rollup%2frollup-win32-ia32-msvc 849ms (cache miss)
415 http fetch GET 200 https://registry.npmjs.org/@rollup%2frollup-linux-loong64-musl 856ms (cache miss)
416 http fetch GET 200 https://registry.npmjs.org/@rollup%2frollup-linux-ppc64-musl 855ms (cache miss)
417 http fetch GET 200 https://registry.npmjs.org/@rollup%2frollup-linux-arm64-musl 863ms (cache miss)
418 http fetch GET 200 https://registry.npmjs.org/@rollup%2frollup-linux-loong64-gnu 864ms (cache miss)
419 http fetch GET 200 https://registry.npmjs.org/@rollup%2frollup-linux-ppc64-gnu 863ms (cache miss)
420 http fetch GET 200 https://registry.npmjs.org/@rollup%2frollup-linux-riscv64-musl 881ms (cache miss)
421 http fetch GET 200 https://registry.npmjs.org/@rollup%2frollup-android-arm-eabi 886ms (cache miss)
422 http fetch GET 200 https://registry.npmjs.org/@rollup%2frollup-linux-riscv64-gnu 898ms (cache miss)
423 http fetch GET 200 https://registry.npmjs.org/@rollup%2frollup-linux-s390x-gnu 898ms (cache miss)
424 http fetch GET 200 https://registry.npmjs.org/@rollup%2frollup-darwin-x64 903ms (cache miss)
425 http fetch GET 200 https://registry.npmjs.org/@rollup%2frollup-win32-x64-gnu 1035ms (cache miss)
426 http fetch GET 200 https://registry.npmjs.org/@rollup%2frollup-freebsd-x64 1060ms (cache miss)
427 http fetch GET 200 https://registry.npmjs.org/@rollup%2frollup-openbsd-x64 1078ms (cache miss)
428 http fetch GET 200 https://registry.npmjs.org/@rollup%2frollup-linux-x64-gnu 1105ms (cache miss)
429 http fetch GET 200 https://registry.npmjs.org/@rollup%2frollup-win32-x64-msvc 1110ms (cache miss)
430 http fetch GET 200 https://registry.npmjs.org/@rollup%2frollup-openharmony-arm64 1108ms (cache miss)
431 http fetch GET 200 https://registry.npmjs.org/@rollup%2frollup-linux-x64-musl 1126ms (cache miss)
432 timing idealTree:node_modules/vite Completed in 1161ms
433 silly placeDep ROOT @esbuild/aix-ppc64@0.21.5 OK for: esbuild@0.21.5 want: 0.21.5
434 silly placeDep ROOT @esbuild/android-arm@0.21.5 OK for: esbuild@0.21.5 want: 0.21.5
435 silly placeDep ROOT @esbuild/android-arm64@0.21.5 OK for: esbuild@0.21.5 want: 0.21.5
436 silly placeDep ROOT @esbuild/android-x64@0.21.5 OK for: esbuild@0.21.5 want: 0.21.5
437 silly placeDep ROOT @esbuild/darwin-arm64@0.21.5 OK for: esbuild@0.21.5 want: 0.21.5
438 silly placeDep ROOT @esbuild/darwin-x64@0.21.5 OK for: esbuild@0.21.5 want: 0.21.5
439 silly placeDep ROOT @esbuild/freebsd-arm64@0.21.5 OK for: esbuild@0.21.5 want: 0.21.5
440 silly placeDep ROOT @esbuild/freebsd-x64@0.21.5 OK for: esbuild@0.21.5 want: 0.21.5
441 silly placeDep ROOT @esbuild/linux-arm@0.21.5 OK for: esbuild@0.21.5 want: 0.21.5
442 silly placeDep ROOT @esbuild/linux-arm64@0.21.5 OK for: esbuild@0.21.5 want: 0.21.5
443 silly placeDep ROOT @esbuild/linux-ia32@0.21.5 OK for: esbuild@0.21.5 want: 0.21.5
444 silly placeDep ROOT @esbuild/linux-loong64@0.21.5 OK for: esbuild@0.21.5 want: 0.21.5
445 silly placeDep ROOT @esbuild/linux-mips64el@0.21.5 OK for: esbuild@0.21.5 want: 0.21.5
446 silly placeDep ROOT @esbuild/linux-ppc64@0.21.5 OK for: esbuild@0.21.5 want: 0.21.5
447 silly placeDep ROOT @esbuild/linux-riscv64@0.21.5 OK for: esbuild@0.21.5 want: 0.21.5
448 silly placeDep ROOT @esbuild/linux-s390x@0.21.5 OK for: esbuild@0.21.5 want: 0.21.5
449 silly placeDep ROOT @esbuild/linux-x64@0.21.5 OK for: esbuild@0.21.5 want: 0.21.5
450 silly placeDep ROOT @esbuild/netbsd-x64@0.21.5 OK for: esbuild@0.21.5 want: 0.21.5
451 silly placeDep ROOT @esbuild/openbsd-x64@0.21.5 OK for: esbuild@0.21.5 want: 0.21.5
452 silly placeDep ROOT @esbuild/sunos-x64@0.21.5 OK for: esbuild@0.21.5 want: 0.21.5
453 silly placeDep ROOT @esbuild/win32-arm64@0.21.5 OK for: esbuild@0.21.5 want: 0.21.5
454 silly placeDep ROOT @esbuild/win32-ia32@0.21.5 OK for: esbuild@0.21.5 want: 0.21.5
455 silly placeDep ROOT @esbuild/win32-x64@0.21.5 OK for: esbuild@0.21.5 want: 0.21.5
456 timing idealTree:node_modules/esbuild Completed in 31ms
457 timing idealTree:node_modules/@esbuild/aix-ppc64 Completed in 0ms
458 timing idealTree:node_modules/@esbuild/android-arm Completed in 0ms
459 timing idealTree:node_modules/@esbuild/android-arm64 Completed in 0ms
460 timing idealTree:node_modules/@esbuild/android-x64 Completed in 0ms
461 timing idealTree:node_modules/@esbuild/darwin-arm64 Completed in 0ms
462 timing idealTree:node_modules/@esbuild/darwin-x64 Completed in 0ms
463 timing idealTree:node_modules/@esbuild/freebsd-arm64 Completed in 0ms
464 timing idealTree:node_modules/@esbuild/freebsd-x64 Completed in 0ms
465 timing idealTree:node_modules/@esbuild/linux-arm Completed in 0ms
466 timing idealTree:node_modules/@esbuild/linux-arm64 Completed in 0ms
467 timing idealTree:node_modules/@esbuild/linux-ia32 Completed in 0ms
468 timing idealTree:node_modules/@esbuild/linux-loong64 Completed in 0ms
469 timing idealTree:node_modules/@esbuild/linux-mips64el Completed in 0ms
470 timing idealTree:node_modules/@esbuild/linux-ppc64 Completed in 0ms
471 timing idealTree:node_modules/@esbuild/linux-riscv64 Completed in 0ms
472 timing idealTree:node_modules/@esbuild/linux-s390x Completed in 0ms
473 timing idealTree:node_modules/@esbuild/linux-x64 Completed in 0ms
474 timing idealTree:node_modules/@esbuild/netbsd-x64 Completed in 0ms
475 timing idealTree:node_modules/@esbuild/openbsd-x64 Completed in 0ms
476 timing idealTree:node_modules/@esbuild/sunos-x64 Completed in 0ms
477 timing idealTree:node_modules/@esbuild/win32-arm64 Completed in 0ms
478 timing idealTree:node_modules/@esbuild/win32-ia32 Completed in 0ms
479 timing idealTree:node_modules/@esbuild/win32-x64 Completed in 0ms
480 timing idealTree:node_modules/fsevents Completed in 0ms
481 silly placeDep ROOT nanoid@3.3.15 OK for: postcss@8.5.15 want: ^3.3.12
482 silly placeDep ROOT picocolors@1.1.1 OK for: postcss@8.5.15 want: ^1.1.1
483 silly placeDep ROOT source-map-js@1.2.1 OK for: postcss@8.5.15 want: ^1.2.1
484 timing idealTree:node_modules/postcss Completed in 6ms
485 timing idealTree:node_modules/nanoid Completed in 0ms
486 timing idealTree:node_modules/picocolors Completed in 0ms
487 silly placeDep ROOT @rollup/rollup-android-arm-eabi@4.62.2 OK for: rollup@4.62.2 want: 4.62.2
488 silly placeDep ROOT @rollup/rollup-android-arm64@4.62.2 OK for: rollup@4.62.2 want: 4.62.2
489 silly placeDep ROOT @rollup/rollup-darwin-arm64@4.62.2 OK for: rollup@4.62.2 want: 4.62.2
490 silly placeDep ROOT @rollup/rollup-darwin-x64@4.62.2 OK for: rollup@4.62.2 want: 4.62.2
491 silly placeDep ROOT @rollup/rollup-freebsd-arm64@4.62.2 OK for: rollup@4.62.2 want: 4.62.2
492 silly placeDep ROOT @rollup/rollup-freebsd-x64@4.62.2 OK for: rollup@4.62.2 want: 4.62.2
493 silly placeDep ROOT @rollup/rollup-linux-arm-gnueabihf@4.62.2 OK for: rollup@4.62.2 want: 4.62.2
494 silly placeDep ROOT @rollup/rollup-linux-arm-musleabihf@4.62.2 OK for: rollup@4.62.2 want: 4.62.2
495 silly placeDep ROOT @rollup/rollup-linux-arm64-gnu@4.62.2 OK for: rollup@4.62.2 want: 4.62.2
496 silly placeDep ROOT @rollup/rollup-linux-arm64-musl@4.62.2 OK for: rollup@4.62.2 want: 4.62.2
497 silly placeDep ROOT @rollup/rollup-linux-loong64-gnu@4.62.2 OK for: rollup@4.62.2 want: 4.62.2
498 silly placeDep ROOT @rollup/rollup-linux-loong64-musl@4.62.2 OK for: rollup@4.62.2 want: 4.62.2
499 silly placeDep ROOT @rollup/rollup-linux-ppc64-gnu@4.62.2 OK for: rollup@4.62.2 want: 4.62.2
500 silly placeDep ROOT @rollup/rollup-linux-ppc64-musl@4.62.2 OK for: rollup@4.62.2 want: 4.62.2
501 silly placeDep ROOT @rollup/rollup-linux-riscv64-gnu@4.62.2 OK for: rollup@4.62.2 want: 4.62.2
502 silly placeDep ROOT @rollup/rollup-linux-riscv64-musl@4.62.2 OK for: rollup@4.62.2 want: 4.62.2
503 silly placeDep ROOT @rollup/rollup-linux-s390x-gnu@4.62.2 OK for: rollup@4.62.2 want: 4.62.2
504 silly placeDep ROOT @rollup/rollup-linux-x64-gnu@4.62.2 OK for: rollup@4.62.2 want: 4.62.2
505 silly placeDep ROOT @rollup/rollup-linux-x64-musl@4.62.2 OK for: rollup@4.62.2 want: 4.62.2
506 silly placeDep ROOT @rollup/rollup-openbsd-x64@4.62.2 OK for: rollup@4.62.2 want: 4.62.2
507 silly placeDep ROOT @rollup/rollup-openharmony-arm64@4.62.2 OK for: rollup@4.62.2 want: 4.62.2
508 silly placeDep ROOT @rollup/rollup-win32-arm64-msvc@4.62.2 OK for: rollup@4.62.2 want: 4.62.2
509 silly placeDep ROOT @rollup/rollup-win32-ia32-msvc@4.62.2 OK for: rollup@4.62.2 want: 4.62.2
510 silly placeDep ROOT @rollup/rollup-win32-x64-gnu@4.62.2 OK for: rollup@4.62.2 want: 4.62.2
511 silly placeDep ROOT @rollup/rollup-win32-x64-msvc@4.62.2 OK for: rollup@4.62.2 want: 4.62.2
512 silly placeDep ROOT @types/estree@1.0.9 OK for: rollup@4.62.2 want: 1.0.9
513 timing idealTree:node_modules/rollup Completed in 36ms
514 timing idealTree:node_modules/@rollup/rollup-android-arm-eabi Completed in 0ms
515 timing idealTree:node_modules/@rollup/rollup-android-arm64 Completed in 0ms
516 timing idealTree:node_modules/@rollup/rollup-darwin-arm64 Completed in 0ms
517 timing idealTree:node_modules/@rollup/rollup-darwin-x64 Completed in 0ms
518 timing idealTree:node_modules/@rollup/rollup-freebsd-arm64 Completed in 0ms
519 timing idealTree:node_modules/@rollup/rollup-freebsd-x64 Completed in 0ms
520 timing idealTree:node_modules/@rollup/rollup-linux-arm-gnueabihf Completed in 0ms
521 timing idealTree:node_modules/@rollup/rollup-linux-arm-musleabihf Completed in 0ms
522 timing idealTree:node_modules/@rollup/rollup-linux-arm64-gnu Completed in 0ms
523 timing idealTree:node_modules/@rollup/rollup-linux-arm64-musl Completed in 0ms
524 timing idealTree:node_modules/@rollup/rollup-linux-loong64-gnu Completed in 0ms
525 timing idealTree:node_modules/@rollup/rollup-linux-loong64-musl Completed in 0ms
526 timing idealTree:node_modules/@rollup/rollup-linux-ppc64-gnu Completed in 0ms
527 timing idealTree:node_modules/@rollup/rollup-linux-ppc64-musl Completed in 0ms
528 timing idealTree:node_modules/@rollup/rollup-linux-riscv64-gnu Completed in 0ms
529 timing idealTree:node_modules/@rollup/rollup-linux-riscv64-musl Completed in 0ms
530 timing idealTree:node_modules/@rollup/rollup-linux-s390x-gnu Completed in 0ms
531 timing idealTree:node_modules/@rollup/rollup-linux-x64-gnu Completed in 0ms
532 timing idealTree:node_modules/@rollup/rollup-linux-x64-musl Completed in 0ms
533 timing idealTree:node_modules/@rollup/rollup-openbsd-x64 Completed in 0ms
534 timing idealTree:node_modules/@rollup/rollup-openharmony-arm64 Completed in 0ms
535 timing idealTree:node_modules/@rollup/rollup-win32-arm64-msvc Completed in 0ms
536 timing idealTree:node_modules/@rollup/rollup-win32-ia32-msvc Completed in 0ms
537 timing idealTree:node_modules/@rollup/rollup-win32-x64-gnu Completed in 0ms
538 timing idealTree:node_modules/@rollup/rollup-win32-x64-msvc Completed in 0ms
539 timing idealTree:node_modules/@types/estree Completed in 0ms
540 timing idealTree:node_modules/source-map-js Completed in 0ms
541 silly fetch manifest vue@3.5.39
542 silly placeDep ROOT @vue/compiler-dom@3.5.39 OK for: vue@3.5.39 want: 3.5.39
543 silly fetch manifest @vue/compiler-core@3.5.39
544 silly placeDep ROOT @vue/compiler-sfc@3.5.39 OK for: vue@3.5.39 want: 3.5.39
545 silly fetch manifest @babel/parser@^7.29.7
546 silly fetch manifest estree-walker@^2.0.2
547 silly fetch manifest magic-string@^0.30.21
548 silly fetch manifest @vue/compiler-ssr@3.5.39
549 silly placeDep ROOT @vue/runtime-dom@3.5.39 OK for: vue@3.5.39 want: 3.5.39
550 silly fetch manifest csstype@^3.2.3
551 silly fetch manifest @vue/reactivity@3.5.39
552 silly fetch manifest @vue/runtime-core@3.5.39
553 silly placeDep ROOT @vue/server-renderer@3.5.39 OK for: vue@3.5.39 want: 3.5.39
554 silly placeDep ROOT @vue/shared@3.5.39 OK for: vue@3.5.39 want: 3.5.39
555 http fetch GET 200 https://registry.npmjs.org/estree-walker 251ms (cache miss)
556 http fetch GET 200 https://registry.npmjs.org/csstype 283ms (cache miss)
557 http fetch GET 200 https://registry.npmjs.org/magic-string 300ms (cache miss)
558 http fetch GET 200 https://registry.npmjs.org/@babel%2fparser 338ms (cache miss)
559 http fetch GET 200 https://registry.npmjs.org/@vue%2freactivity 486ms (cache miss)
560 http fetch GET 200 https://registry.npmjs.org/@vue%2fcompiler-core 508ms (cache miss)
561 http fetch GET 200 https://registry.npmjs.org/@vue%2fcompiler-ssr 515ms (cache miss)
562 timing idealTree:node_modules/vue Completed in 529ms
563 silly placeDep ROOT @vue/compiler-core@3.5.39 OK for: @vue/compiler-dom@3.5.39 want: 3.5.39
564 silly fetch manifest entities@^7.0.1
565 http fetch GET 200 https://registry.npmjs.org/entities 252ms (cache miss)
566 timing idealTree:node_modules/@vue/compiler-dom Completed in 256ms
567 silly placeDep ROOT @babel/parser@7.29.7 OK for: @vue/compiler-core@3.5.39 want: ^7.29.7
568 silly fetch manifest @babel/types@^7.29.7
569 silly placeDep ROOT entities@7.0.1 OK for: @vue/compiler-core@3.5.39 want: ^7.0.1
570 silly placeDep ROOT estree-walker@2.0.2 OK for: @vue/compiler-core@3.5.39 want: ^2.0.2
571 http fetch GET 200 https://registry.npmjs.org/@babel%2ftypes 325ms (cache miss)
572 timing idealTree:node_modules/@vue/compiler-core Completed in 331ms
573 silly placeDep ROOT @babel/types@7.29.7 OK for: @babel/parser@7.29.7 want: ^7.29.7
574 silly fetch manifest @babel/helper-string-parser@^7.29.7
575 silly fetch manifest @babel/helper-validator-identifier@^7.29.7
576 http fetch GET 200 https://registry.npmjs.org/@babel%2fhelper-string-parser 254ms (cache miss)
577 http fetch GET 200 https://registry.npmjs.org/@babel%2fhelper-validator-identifier 268ms (cache miss)
578 timing idealTree:node_modules/@babel/parser Completed in 272ms
579 silly placeDep ROOT @babel/helper-string-parser@7.29.7 OK for: @babel/types@7.29.7 want: ^7.29.7
580 silly placeDep ROOT @babel/helper-validator-identifier@7.29.7 OK for: @babel/types@7.29.7 want: ^7.29.7
581 timing idealTree:node_modules/@babel/types Completed in 3ms
582 timing idealTree:node_modules/@babel/helper-string-parser Completed in 0ms
583 timing idealTree:node_modules/@babel/helper-validator-identifier Completed in 0ms
584 silly placeDep ROOT @vue/compiler-ssr@3.5.39 OK for: @vue/compiler-sfc@3.5.39 want: 3.5.39
585 silly placeDep ROOT magic-string@0.30.21 OK for: @vue/compiler-sfc@3.5.39 want: ^0.30.21
586 silly fetch manifest @jridgewell/sourcemap-codec@^1.5.5
587 http fetch GET 200 https://registry.npmjs.org/@jridgewell%2fsourcemap-codec 253ms (cache miss)
588 timing idealTree:node_modules/@vue/compiler-sfc Completed in 259ms
589 timing idealTree:node_modules/@vue/compiler-ssr Completed in 0ms
590 silly placeDep ROOT @vue/reactivity@3.5.39 OK for: @vue/runtime-dom@3.5.39 want: 3.5.39
591 silly placeDep ROOT @vue/runtime-core@3.5.39 OK for: @vue/runtime-dom@3.5.39 want: 3.5.39
592 silly placeDep ROOT csstype@3.2.3 OK for: @vue/runtime-dom@3.5.39 want: ^3.2.3
593 timing idealTree:node_modules/@vue/runtime-dom Completed in 4ms
594 timing idealTree:node_modules/@vue/reactivity Completed in 0ms
595 timing idealTree:node_modules/@vue/runtime-core Completed in 0ms
596 timing idealTree:node_modules/@vue/server-renderer Completed in 0ms
597 timing idealTree:node_modules/@vue/shared Completed in 0ms
598 timing idealTree:node_modules/csstype Completed in 0ms
599 timing idealTree:node_modules/entities Completed in 1ms
600 timing idealTree:node_modules/estree-walker Completed in 0ms
601 silly placeDep ROOT @jridgewell/sourcemap-codec@1.5.5 OK for: magic-string@0.30.21 want: ^1.5.5
602 timing idealTree:node_modules/magic-string Completed in 1ms
603 timing idealTree:node_modules/@jridgewell/sourcemap-codec Completed in 0ms
604 timing idealTree:node_modules/vue-component-type-helpers Completed in 0ms
605 timing idealTree:node_modules/vue-demi Completed in 0ms
606 silly fetch manifest vue@^2.6.12 || ^3.1.1
607 silly placeDep ROOT resize-detector@0.3.0 OK for: vue-echarts@6.7.3 want: ^0.3.0
608 silly placeDep node_modules/vue-echarts vue-demi@0.13.11 CONFLICT for: vue-echarts@6.7.3 want: ^0.13.11
609 timing idealTree:node_modules/vue-echarts Completed in 10ms
610 timing idealTree:node_modules/resize-detector Completed in 0ms
611 timing idealTree:node_modules/vue-router Completed in 0ms
612 timing idealTree:node_modules/zrender Completed in 0ms
613 timing idealTree:node_modules/vue-echarts/node_modules/vue-demi Completed in 0ms
614 timing idealTree:buildDeps Completed in 15327ms
615 timing idealTree:fixDepFlags Completed in 2ms
616 timing idealTree Completed in 15348ms
617 timing reify:loadTrees Completed in 15349ms
618 timing reify:diffTrees Completed in 2ms
619 silly reify moves {}
620 timing reify:retireShallow Completed in 1ms
621 timing reify:createSparse Completed in 219ms
622 timing reify:loadBundles Completed in 0ms
623 silly audit bulk request {
623 silly audit   '@vitejs/plugin-vue': [ '5.2.4' ],
623 silly audit   vue: [ '3.5.39' ],
623 silly audit   vite: [ '5.4.21' ],
623 silly audit   axios: [ '1.18.1' ],
623 silly audit   echarts: [ '5.6.0' ],
623 silly audit   'element-plus': [ '2.14.2' ],
623 silly audit   pinia: [ '2.3.1' ],
623 silly audit   'vue-echarts': [ '6.7.3' ],
623 silly audit   'vue-router': [ '4.6.4' ],
623 silly audit   'follow-redirects': [ '1.16.0' ],
623 silly audit   'form-data': [ '4.0.6' ],
623 silly audit   'https-proxy-agent': [ '5.0.1' ],
623 silly audit   'proxy-from-env': [ '2.1.0' ],
623 silly audit   tslib: [ '2.3.0' ],
623 silly audit   zrender: [ '5.6.1' ],
623 silly audit   '@ctrl/tinycolor': [ '4.2.0' ],
623 silly audit   '@element-plus/icons-vue': [ '2.3.2' ],
623 silly audit   '@floating-ui/dom': [ '1.7.6' ],
623 silly audit   '@sxzz/popperjs-es': [ '2.11.8' ],
623 silly audit   '@types/lodash': [ '4.17.24' ],
623 silly audit   '@types/lodash-es': [ '4.17.12' ],
623 silly audit   '@vueuse/core': [ '14.3.0' ],
623 silly audit   'async-validator': [ '4.2.5' ],
623 silly audit   dayjs: [ '1.11.21' ],
623 silly audit   lodash: [ '4.18.1' ],
623 silly audit   'lodash-es': [ '4.18.1' ],
623 silly audit   'lodash-unified': [ '1.0.3' ],
623 silly audit   'memoize-one': [ '6.0.0' ],
623 silly audit   'normalize-wheel-es': [ '1.2.0' ],
623 silly audit   'vue-component-type-helpers': [ '3.3.5' ],
623 silly audit   '@floating-ui/core': [ '1.7.5' ],
623 silly audit   '@floating-ui/utils': [ '0.2.11' ],
623 silly audit   '@types/web-bluetooth': [ '0.0.21' ],
623 silly audit   '@vueuse/metadata': [ '14.3.0' ],
623 silly audit   '@vueuse/shared': [ '14.3.0' ],
623 silly audit   asynckit: [ '0.4.0' ],
623 silly audit   'combined-stream': [ '1.0.8' ],
623 silly audit   'es-set-tostringtag': [ '2.1.0' ],
623 silly audit   hasown: [ '2.0.4' ],
623 silly audit   'mime-types': [ '2.1.35' ],
623 silly audit   'delayed-stream': [ '1.0.0' ],
623 silly audit   'es-errors': [ '1.3.0' ],
623 silly audit   'get-intrinsic': [ '1.3.0' ],
623 silly audit   'has-tostringtag': [ '1.0.2' ],
623 silly audit   'call-bind-apply-helpers': [ '1.0.2' ],
623 silly audit   'es-define-property': [ '1.0.1' ],
623 silly audit   'es-object-atoms': [ '1.1.2' ],
623 silly audit   'function-bind': [ '1.1.2' ],
623 silly audit   'get-proto': [ '1.0.1' ],
623 silly audit   gopd: [ '1.2.0' ],
623 silly audit   'has-symbols': [ '1.1.0' ],
623 silly audit   'math-intrinsics': [ '1.1.0' ],
623 silly audit   'dunder-proto': [ '1.0.1' ],
623 silly audit   'agent-base': [ '6.0.2' ],
623 silly audit   debug: [ '4.4.3' ],
623 silly audit   ms: [ '2.1.3' ],
623 silly audit   'mime-db': [ '1.52.0' ],
623 silly audit   '@vue/devtools-api': [ '6.6.4' ],
623 silly audit   'vue-demi': [ '0.14.10', '0.13.11' ],
623 silly audit   esbuild: [ '0.21.5' ],
623 silly audit   fsevents: [ '2.3.3' ],
623 silly audit   postcss: [ '8.5.15' ],
623 silly audit   rollup: [ '4.62.2' ],
623 silly audit   '@esbuild/aix-ppc64': [ '0.21.5' ],
623 silly audit   '@esbuild/android-arm': [ '0.21.5' ],
623 silly audit   '@esbuild/android-arm64': [ '0.21.5' ],
623 silly audit   '@esbuild/android-x64': [ '0.21.5' ],
623 silly audit   '@esbuild/darwin-arm64': [ '0.21.5' ],
623 silly audit   '@esbuild/darwin-x64': [ '0.21.5' ],
623 silly audit   '@esbuild/freebsd-arm64': [ '0.21.5' ],
623 silly audit   '@esbuild/freebsd-x64': [ '0.21.5' ],
623 silly audit   '@esbuild/linux-arm': [ '0.21.5' ],
623 silly audit   '@esbuild/linux-arm64': [ '0.21.5' ],
623 silly audit   '@esbuild/linux-ia32': [ '0.21.5' ],
623 silly audit   '@esbuild/linux-loong64': [ '0.21.5' ],
623 silly audit   '@esbuild/linux-mips64el': [ '0.21.5' ],
623 silly audit   '@esbuild/linux-ppc64': [ '0.21.5' ],
623 silly audit   '@esbuild/linux-riscv64': [ '0.21.5' ],
623 silly audit   '@esbuild/linux-s390x': [ '0.21.5' ],
623 silly audit   '@esbuild/linux-x64': [ '0.21.5' ],
623 silly audit   '@esbuild/netbsd-x64': [ '0.21.5' ],
623 silly audit   '@esbuild/openbsd-x64': [ '0.21.5' ],
623 silly audit   '@esbuild/sunos-x64': [ '0.21.5' ],
623 silly audit   '@esbuild/win32-arm64': [ '0.21.5' ],
623 silly audit   '@esbuild/win32-ia32': [ '0.21.5' ],
623 silly audit   '@esbuild/win32-x64': [ '0.21.5' ],
623 silly audit   nanoid: [ '3.3.15' ],
623 silly audit   picocolors: [ '1.1.1' ],
623 silly audit   'source-map-js': [ '1.2.1' ],
623 silly audit   '@rollup/rollup-android-arm-eabi': [ '4.62.2' ],
623 silly audit   '@rollup/rollup-android-arm64': [ '4.62.2' ],
623 silly audit   '@rollup/rollup-darwin-arm64': [ '4.62.2' ],
623 silly audit   '@rollup/rollup-darwin-x64': [ '4.62.2' ],
623 silly audit   '@rollup/rollup-freebsd-arm64': [ '4.62.2' ],
623 silly audit   '@rollup/rollup-freebsd-x64': [ '4.62.2' ],
623 silly audit   '@rollup/rollup-linux-arm-gnueabihf': [ '4.62.2' ],
623 silly audit   '@rollup/rollup-linux-arm-musleabihf': [ '4.62.2' ],
623 silly audit   '@rollup/rollup-linux-arm64-gnu': [ '4.62.2' ],
623 silly audit   '@rollup/rollup-linux-arm64-musl': [ '4.62.2' ],
623 silly audit   '@rollup/rollup-linux-loong64-gnu': [ '4.62.2' ],
623 silly audit   '@rollup/rollup-linux-loong64-musl': [ '4.62.2' ],
623 silly audit   '@rollup/rollup-linux-ppc64-gnu': [ '4.62.2' ],
623 silly audit   '@rollup/rollup-linux-ppc64-musl': [ '4.62.2' ],
623 silly audit   '@rollup/rollup-linux-riscv64-gnu': [ '4.62.2' ],
623 silly audit   '@rollup/rollup-linux-riscv64-musl': [ '4.62.2' ],
623 silly audit   '@rollup/rollup-linux-s390x-gnu': [ '4.62.2' ],
623 silly audit   '@rollup/rollup-linux-x64-gnu': [ '4.62.2' ],
623 silly audit   '@rollup/rollup-linux-x64-musl': [ '4.62.2' ],
623 silly audit   '@rollup/rollup-openbsd-x64': [ '4.62.2' ],
623 silly audit   '@rollup/rollup-openharmony-arm64': [ '4.62.2' ],
623 silly audit   '@rollup/rollup-win32-arm64-msvc': [ '4.62.2' ],
623 silly audit   '@rollup/rollup-win32-ia32-msvc': [ '4.62.2' ],
623 silly audit   '@rollup/rollup-win32-x64-gnu': [ '4.62.2' ],
623 silly audit   '@rollup/rollup-win32-x64-msvc': [ '4.62.2' ],
623 silly audit   '@types/estree': [ '1.0.9' ],
623 silly audit   '@vue/compiler-dom': [ '3.5.39' ],
623 silly audit   '@vue/compiler-sfc': [ '3.5.39' ],
623 silly audit   '@vue/runtime-dom': [ '3.5.39' ],
623 silly audit   '@vue/server-renderer': [ '3.5.39' ],
623 silly audit   '@vue/shared': [ '3.5.39' ],
623 silly audit   '@vue/compiler-core': [ '3.5.39' ],
623 silly audit   '@babel/parser': [ '7.29.7' ],
623 silly audit   entities: [ '7.0.1' ],
623 silly audit   'estree-walker': [ '2.0.2' ],
623 silly audit   '@babel/types': [ '7.29.7' ],
623 silly audit   '@babel/helper-string-parser': [ '7.29.7' ],
623 silly audit   '@babel/helper-validator-identifier': [ '7.29.7' ],
623 silly audit   '@vue/compiler-ssr': [ '3.5.39' ],
623 silly audit   'magic-string': [ '0.30.21' ],
623 silly audit   '@vue/reactivity': [ '3.5.39' ],
623 silly audit   '@vue/runtime-core': [ '3.5.39' ],
623 silly audit   csstype: [ '3.2.3' ],
623 silly audit   '@jridgewell/sourcemap-codec': [ '1.5.5' ],
623 silly audit   'resize-detector': [ '0.3.0' ]
623 silly audit }
624 verbose reify failed optional dependency E:\keshe\ai-mood-diary\frontend\node_modules\@rollup\rollup-win32-ia32-msvc
625 silly reify mark deleted [
625 silly reify   'E:\\keshe\\ai-mood-diary\\frontend\\node_modules\\@rollup\\rollup-win32-ia32-msvc'
625 silly reify ]
626 verbose reify failed optional dependency E:\keshe\ai-mood-diary\frontend\node_modules\@rollup\rollup-win32-arm64-msvc
627 silly reify mark deleted [
627 silly reify   'E:\\keshe\\ai-mood-diary\\frontend\\node_modules\\@rollup\\rollup-win32-arm64-msvc'
627 silly reify ]
628 verbose reify failed optional dependency E:\keshe\ai-mood-diary\frontend\node_modules\@rollup\rollup-openharmony-arm64
629 silly reify mark deleted [
629 silly reify   'E:\\keshe\\ai-mood-diary\\frontend\\node_modules\\@rollup\\rollup-openharmony-arm64'
629 silly reify ]
630 verbose reify failed optional dependency E:\keshe\ai-mood-diary\frontend\node_modules\@rollup\rollup-openbsd-x64
631 silly reify mark deleted [
631 silly reify   'E:\\keshe\\ai-mood-diary\\frontend\\node_modules\\@rollup\\rollup-openbsd-x64'
631 silly reify ]
632 verbose reify failed optional dependency E:\keshe\ai-mood-diary\frontend\node_modules\@rollup\rollup-linux-x64-musl
633 silly reify mark deleted [
633 silly reify   'E:\\keshe\\ai-mood-diary\\frontend\\node_modules\\@rollup\\rollup-linux-x64-musl'
633 silly reify ]
634 verbose reify failed optional dependency E:\keshe\ai-mood-diary\frontend\node_modules\@rollup\rollup-linux-x64-gnu
635 silly reify mark deleted [
635 silly reify   'E:\\keshe\\ai-mood-diary\\frontend\\node_modules\\@rollup\\rollup-linux-x64-gnu'
635 silly reify ]
636 verbose reify failed optional dependency E:\keshe\ai-mood-diary\frontend\node_modules\@rollup\rollup-linux-s390x-gnu
637 silly reify mark deleted [
637 silly reify   'E:\\keshe\\ai-mood-diary\\frontend\\node_modules\\@rollup\\rollup-linux-s390x-gnu'
637 silly reify ]
638 verbose reify failed optional dependency E:\keshe\ai-mood-diary\frontend\node_modules\@rollup\rollup-linux-riscv64-musl
639 silly reify mark deleted [
639 silly reify   'E:\\keshe\\ai-mood-diary\\frontend\\node_modules\\@rollup\\rollup-linux-riscv64-musl'
639 silly reify ]
640 verbose reify failed optional dependency E:\keshe\ai-mood-diary\frontend\node_modules\@rollup\rollup-linux-riscv64-gnu
641 silly reify mark deleted [
641 silly reify   'E:\\keshe\\ai-mood-diary\\frontend\\node_modules\\@rollup\\rollup-linux-riscv64-gnu'
641 silly reify ]
642 verbose reify failed optional dependency E:\keshe\ai-mood-diary\frontend\node_modules\@rollup\rollup-linux-ppc64-musl
643 silly reify mark deleted [
643 silly reify   'E:\\keshe\\ai-mood-diary\\frontend\\node_modules\\@rollup\\rollup-linux-ppc64-musl'
643 silly reify ]
644 verbose reify failed optional dependency E:\keshe\ai-mood-diary\frontend\node_modules\@rollup\rollup-linux-ppc64-gnu
645 silly reify mark deleted [
645 silly reify   'E:\\keshe\\ai-mood-diary\\frontend\\node_modules\\@rollup\\rollup-linux-ppc64-gnu'
645 silly reify ]
646 verbose reify failed optional dependency E:\keshe\ai-mood-diary\frontend\node_modules\@rollup\rollup-linux-loong64-musl
647 silly reify mark deleted [
647 silly reify   'E:\\keshe\\ai-mood-diary\\frontend\\node_modules\\@rollup\\rollup-linux-loong64-musl'
647 silly reify ]
648 verbose reify failed optional dependency E:\keshe\ai-mood-diary\frontend\node_modules\@rollup\rollup-linux-loong64-gnu
649 silly reify mark deleted [
649 silly reify   'E:\\keshe\\ai-mood-diary\\frontend\\node_modules\\@rollup\\rollup-linux-loong64-gnu'
649 silly reify ]
650 verbose reify failed optional dependency E:\keshe\ai-mood-diary\frontend\node_modules\@rollup\rollup-linux-arm64-musl
651 silly reify mark deleted [
651 silly reify   'E:\\keshe\\ai-mood-diary\\frontend\\node_modules\\@rollup\\rollup-linux-arm64-musl'
651 silly reify ]
652 verbose reify failed optional dependency E:\keshe\ai-mood-diary\frontend\node_modules\@rollup\rollup-linux-arm64-gnu
653 silly reify mark deleted [
653 silly reify   'E:\\keshe\\ai-mood-diary\\frontend\\node_modules\\@rollup\\rollup-linux-arm64-gnu'
653 silly reify ]
654 verbose reify failed optional dependency E:\keshe\ai-mood-diary\frontend\node_modules\@rollup\rollup-linux-arm-musleabihf
655 silly reify mark deleted [
655 silly reify   'E:\\keshe\\ai-mood-diary\\frontend\\node_modules\\@rollup\\rollup-linux-arm-musleabihf'
655 silly reify ]
656 verbose reify failed optional dependency E:\keshe\ai-mood-diary\frontend\node_modules\@rollup\rollup-linux-arm-gnueabihf
657 silly reify mark deleted [
657 silly reify   'E:\\keshe\\ai-mood-diary\\frontend\\node_modules\\@rollup\\rollup-linux-arm-gnueabihf'
657 silly reify ]
658 verbose reify failed optional dependency E:\keshe\ai-mood-diary\frontend\node_modules\@rollup\rollup-freebsd-x64
659 silly reify mark deleted [
659 silly reify   'E:\\keshe\\ai-mood-diary\\frontend\\node_modules\\@rollup\\rollup-freebsd-x64'
659 silly reify ]
660 verbose reify failed optional dependency E:\keshe\ai-mood-diary\frontend\node_modules\@rollup\rollup-freebsd-arm64
661 silly reify mark deleted [
661 silly reify   'E:\\keshe\\ai-mood-diary\\frontend\\node_modules\\@rollup\\rollup-freebsd-arm64'
661 silly reify ]
662 verbose reify failed optional dependency E:\keshe\ai-mood-diary\frontend\node_modules\@rollup\rollup-darwin-x64
663 silly reify mark deleted [
663 silly reify   'E:\\keshe\\ai-mood-diary\\frontend\\node_modules\\@rollup\\rollup-darwin-x64'
663 silly reify ]
664 verbose reify failed optional dependency E:\keshe\ai-mood-diary\frontend\node_modules\@rollup\rollup-darwin-arm64
665 silly reify mark deleted [
665 silly reify   'E:\\keshe\\ai-mood-diary\\frontend\\node_modules\\@rollup\\rollup-darwin-arm64'
665 silly reify ]
666 verbose reify failed optional dependency E:\keshe\ai-mood-diary\frontend\node_modules\@rollup\rollup-android-arm64
667 silly reify mark deleted [
667 silly reify   'E:\\keshe\\ai-mood-diary\\frontend\\node_modules\\@rollup\\rollup-android-arm64'
667 silly reify ]
668 verbose reify failed optional dependency E:\keshe\ai-mood-diary\frontend\node_modules\@rollup\rollup-android-arm-eabi
669 silly reify mark deleted [
669 silly reify   'E:\\keshe\\ai-mood-diary\\frontend\\node_modules\\@rollup\\rollup-android-arm-eabi'
669 silly reify ]
670 verbose reify failed optional dependency E:\keshe\ai-mood-diary\frontend\node_modules\@esbuild\win32-ia32
671 silly reify mark deleted [
671 silly reify   'E:\\keshe\\ai-mood-diary\\frontend\\node_modules\\@esbuild\\win32-ia32'
671 silly reify ]
672 verbose reify failed optional dependency E:\keshe\ai-mood-diary\frontend\node_modules\@esbuild\win32-arm64
673 silly reify mark deleted [
673 silly reify   'E:\\keshe\\ai-mood-diary\\frontend\\node_modules\\@esbuild\\win32-arm64'
673 silly reify ]
674 verbose reify failed optional dependency E:\keshe\ai-mood-diary\frontend\node_modules\@esbuild\sunos-x64
675 silly reify mark deleted [
675 silly reify   'E:\\keshe\\ai-mood-diary\\frontend\\node_modules\\@esbuild\\sunos-x64'
675 silly reify ]
676 verbose reify failed optional dependency E:\keshe\ai-mood-diary\frontend\node_modules\@esbuild\openbsd-x64
677 silly reify mark deleted [
677 silly reify   'E:\\keshe\\ai-mood-diary\\frontend\\node_modules\\@esbuild\\openbsd-x64'
677 silly reify ]
678 verbose reify failed optional dependency E:\keshe\ai-mood-diary\frontend\node_modules\@esbuild\netbsd-x64
679 silly reify mark deleted [
679 silly reify   'E:\\keshe\\ai-mood-diary\\frontend\\node_modules\\@esbuild\\netbsd-x64'
679 silly reify ]
680 verbose reify failed optional dependency E:\keshe\ai-mood-diary\frontend\node_modules\@esbuild\linux-x64
681 silly reify mark deleted [
681 silly reify   'E:\\keshe\\ai-mood-diary\\frontend\\node_modules\\@esbuild\\linux-x64'
681 silly reify ]
682 verbose reify failed optional dependency E:\keshe\ai-mood-diary\frontend\node_modules\@esbuild\linux-s390x
683 silly reify mark deleted [
683 silly reify   'E:\\keshe\\ai-mood-diary\\frontend\\node_modules\\@esbuild\\linux-s390x'
683 silly reify ]
684 verbose reify failed optional dependency E:\keshe\ai-mood-diary\frontend\node_modules\@esbuild\linux-riscv64
685 silly reify mark deleted [
685 silly reify   'E:\\keshe\\ai-mood-diary\\frontend\\node_modules\\@esbuild\\linux-riscv64'
685 silly reify ]
686 verbose reify failed optional dependency E:\keshe\ai-mood-diary\frontend\node_modules\@esbuild\linux-ppc64
687 silly reify mark deleted [
687 silly reify   'E:\\keshe\\ai-mood-diary\\frontend\\node_modules\\@esbuild\\linux-ppc64'
687 silly reify ]
688 verbose reify failed optional dependency E:\keshe\ai-mood-diary\frontend\node_modules\@esbuild\linux-mips64el
689 silly reify mark deleted [
689 silly reify   'E:\\keshe\\ai-mood-diary\\frontend\\node_modules\\@esbuild\\linux-mips64el'
689 silly reify ]
690 verbose reify failed optional dependency E:\keshe\ai-mood-diary\frontend\node_modules\@esbuild\linux-loong64
691 silly reify mark deleted [
691 silly reify   'E:\\keshe\\ai-mood-diary\\frontend\\node_modules\\@esbuild\\linux-loong64'
691 silly reify ]
692 verbose reify failed optional dependency E:\keshe\ai-mood-diary\frontend\node_modules\@esbuild\linux-ia32
693 silly reify mark deleted [
693 silly reify   'E:\\keshe\\ai-mood-diary\\frontend\\node_modules\\@esbuild\\linux-ia32'
693 silly reify ]
694 verbose reify failed optional dependency E:\keshe\ai-mood-diary\frontend\node_modules\@esbuild\linux-arm64
695 silly reify mark deleted [
695 silly reify   'E:\\keshe\\ai-mood-diary\\frontend\\node_modules\\@esbuild\\linux-arm64'
695 silly reify ]
696 verbose reify failed optional dependency E:\keshe\ai-mood-diary\frontend\node_modules\@esbuild\linux-arm
697 silly reify mark deleted [
697 silly reify   'E:\\keshe\\ai-mood-diary\\frontend\\node_modules\\@esbuild\\linux-arm'
697 silly reify ]
698 verbose reify failed optional dependency E:\keshe\ai-mood-diary\frontend\node_modules\@esbuild\freebsd-x64
699 silly reify mark deleted [
699 silly reify   'E:\\keshe\\ai-mood-diary\\frontend\\node_modules\\@esbuild\\freebsd-x64'
699 silly reify ]
700 verbose reify failed optional dependency E:\keshe\ai-mood-diary\frontend\node_modules\@esbuild\freebsd-arm64
701 silly reify mark deleted [
701 silly reify   'E:\\keshe\\ai-mood-diary\\frontend\\node_modules\\@esbuild\\freebsd-arm64'
701 silly reify ]
702 verbose reify failed optional dependency E:\keshe\ai-mood-diary\frontend\node_modules\@esbuild\darwin-x64
703 silly reify mark deleted [
703 silly reify   'E:\\keshe\\ai-mood-diary\\frontend\\node_modules\\@esbuild\\darwin-x64'
703 silly reify ]
704 verbose reify failed optional dependency E:\keshe\ai-mood-diary\frontend\node_modules\@esbuild\darwin-arm64
705 silly reify mark deleted [
705 silly reify   'E:\\keshe\\ai-mood-diary\\frontend\\node_modules\\@esbuild\\darwin-arm64'
705 silly reify ]
706 verbose reify failed optional dependency E:\keshe\ai-mood-diary\frontend\node_modules\@esbuild\android-x64
707 silly reify mark deleted [
707 silly reify   'E:\\keshe\\ai-mood-diary\\frontend\\node_modules\\@esbuild\\android-x64'
707 silly reify ]
708 verbose reify failed optional dependency E:\keshe\ai-mood-diary\frontend\node_modules\@esbuild\android-arm64
709 silly reify mark deleted [
709 silly reify   'E:\\keshe\\ai-mood-diary\\frontend\\node_modules\\@esbuild\\android-arm64'
709 silly reify ]
710 verbose reify failed optional dependency E:\keshe\ai-mood-diary\frontend\node_modules\@esbuild\android-arm
711 silly reify mark deleted [
711 silly reify   'E:\\keshe\\ai-mood-diary\\frontend\\node_modules\\@esbuild\\android-arm'
711 silly reify ]
712 verbose reify failed optional dependency E:\keshe\ai-mood-diary\frontend\node_modules\@esbuild\aix-ppc64
713 silly reify mark deleted [
713 silly reify   'E:\\keshe\\ai-mood-diary\\frontend\\node_modules\\@esbuild\\aix-ppc64'
713 silly reify ]
714 verbose reify failed optional dependency E:\keshe\ai-mood-diary\frontend\node_modules\fsevents
715 silly reify mark deleted [ 'E:\\keshe\\ai-mood-diary\\frontend\\node_modules\\fsevents' ]
716 timing reifyNode:node_modules/@rollup/rollup-win32-ia32-msvc Completed in 29ms
717 timing reifyNode:node_modules/@rollup/rollup-win32-arm64-msvc Completed in 30ms
718 timing reifyNode:node_modules/@rollup/rollup-openharmony-arm64 Completed in 30ms
719 timing reifyNode:node_modules/@rollup/rollup-openbsd-x64 Completed in 30ms
720 timing reifyNode:node_modules/@rollup/rollup-linux-x64-musl Completed in 30ms
721 timing reifyNode:node_modules/@rollup/rollup-linux-x64-gnu Completed in 30ms
722 timing reifyNode:node_modules/@rollup/rollup-linux-s390x-gnu Completed in 30ms
723 timing reifyNode:node_modules/@rollup/rollup-linux-riscv64-musl Completed in 30ms
724 timing reifyNode:node_modules/@rollup/rollup-linux-riscv64-gnu Completed in 30ms
725 timing reifyNode:node_modules/@rollup/rollup-linux-ppc64-musl Completed in 30ms
726 timing reifyNode:node_modules/@rollup/rollup-linux-ppc64-gnu Completed in 30ms
727 timing reifyNode:node_modules/@rollup/rollup-linux-loong64-musl Completed in 30ms
728 timing reifyNode:node_modules/@rollup/rollup-linux-loong64-gnu Completed in 29ms
729 timing reifyNode:node_modules/@rollup/rollup-linux-arm64-musl Completed in 30ms
730 timing reifyNode:node_modules/@rollup/rollup-linux-arm64-gnu Completed in 30ms
731 timing reifyNode:node_modules/@rollup/rollup-linux-arm-musleabihf Completed in 30ms
732 timing reifyNode:node_modules/@rollup/rollup-linux-arm-gnueabihf Completed in 30ms
733 timing reifyNode:node_modules/@rollup/rollup-freebsd-x64 Completed in 30ms
734 timing reifyNode:node_modules/@rollup/rollup-freebsd-arm64 Completed in 30ms
735 timing reifyNode:node_modules/@rollup/rollup-darwin-x64 Completed in 30ms
736 timing reifyNode:node_modules/@rollup/rollup-darwin-arm64 Completed in 30ms
737 timing reifyNode:node_modules/@rollup/rollup-android-arm64 Completed in 30ms
738 timing reifyNode:node_modules/@rollup/rollup-android-arm-eabi Completed in 30ms
739 timing reifyNode:node_modules/@esbuild/win32-ia32 Completed in 30ms
740 timing reifyNode:node_modules/@esbuild/win32-arm64 Completed in 30ms
741 timing reifyNode:node_modules/@esbuild/sunos-x64 Completed in 30ms
742 timing reifyNode:node_modules/@esbuild/openbsd-x64 Completed in 30ms
743 timing reifyNode:node_modules/@esbuild/netbsd-x64 Completed in 29ms
744 timing reifyNode:node_modules/@esbuild/linux-x64 Completed in 30ms
745 timing reifyNode:node_modules/@esbuild/linux-s390x Completed in 30ms
746 timing reifyNode:node_modules/@esbuild/linux-riscv64 Completed in 30ms
747 timing reifyNode:node_modules/@esbuild/linux-ppc64 Completed in 30ms
748 timing reifyNode:node_modules/@esbuild/linux-mips64el Completed in 30ms
749 timing reifyNode:node_modules/@esbuild/linux-loong64 Completed in 30ms
750 timing reifyNode:node_modules/@esbuild/linux-ia32 Completed in 30ms
751 timing reifyNode:node_modules/@esbuild/linux-arm64 Completed in 30ms
752 timing reifyNode:node_modules/@esbuild/linux-arm Completed in 30ms
753 timing reifyNode:node_modules/@esbuild/freebsd-x64 Completed in 30ms
754 timing reifyNode:node_modules/@esbuild/freebsd-arm64 Completed in 30ms
755 timing reifyNode:node_modules/@esbuild/darwin-x64 Completed in 31ms
756 timing reifyNode:node_modules/@esbuild/darwin-arm64 Completed in 31ms
757 timing reifyNode:node_modules/@esbuild/android-x64 Completed in 31ms
758 timing reifyNode:node_modules/@esbuild/android-arm64 Completed in 31ms
759 timing reifyNode:node_modules/@esbuild/android-arm Completed in 31ms
760 timing reifyNode:node_modules/@esbuild/aix-ppc64 Completed in 31ms
761 timing reifyNode:node_modules/fsevents Completed in 30ms
762 silly tarball no local data for @jridgewell/sourcemap-codec@https://registry.npmjs.org/@jridgewell/sourcemap-codec/-/sourcemap-codec-1.5.5.tgz. Extracting by manifest.
763 silly tarball no local data for csstype@https://registry.npmjs.org/csstype/-/csstype-3.2.3.tgz. Extracting by manifest.
764 silly tarball no local data for @vue/runtime-core@https://registry.npmjs.org/@vue/runtime-core/-/runtime-core-3.5.39.tgz. Extracting by manifest.
765 silly tarball no local data for resize-detector@https://registry.npmjs.org/resize-detector/-/resize-detector-0.3.0.tgz. Extracting by manifest.
766 silly tarball no local data for @vue/reactivity@https://registry.npmjs.org/@vue/reactivity/-/reactivity-3.5.39.tgz. Extracting by manifest.
767 silly tarball no local data for @vue/compiler-ssr@https://registry.npmjs.org/@vue/compiler-ssr/-/compiler-ssr-3.5.39.tgz. Extracting by manifest.
768 silly tarball no local data for magic-string@https://registry.npmjs.org/magic-string/-/magic-string-0.30.21.tgz. Extracting by manifest.
769 silly tarball no local data for @vue/compiler-core@https://registry.npmjs.org/@vue/compiler-core/-/compiler-core-3.5.39.tgz. Extracting by manifest.
770 silly tarball no local data for entities@https://registry.npmjs.org/entities/-/entities-7.0.1.tgz. Extracting by manifest.
771 silly tarball no local data for @babel/types@https://registry.npmjs.org/@babel/types/-/types-7.29.7.tgz. Extracting by manifest.
772 silly tarball no local data for @babel/parser@https://registry.npmjs.org/@babel/parser/-/parser-7.29.7.tgz. Extracting by manifest.
773 silly tarball no local data for estree-walker@https://registry.npmjs.org/estree-walker/-/estree-walker-2.0.2.tgz. Extracting by manifest.
774 silly tarball no local data for @babel/helper-validator-identifier@https://registry.npmjs.org/@babel/helper-validator-identifier/-/helper-validator-identifier-7.29.7.tgz. Extracting by manifest.
775 silly tarball no local data for @vue/runtime-dom@https://registry.npmjs.org/@vue/runtime-dom/-/runtime-dom-3.5.39.tgz. Extracting by manifest.
776 silly tarball no local data for @babel/helper-string-parser@https://registry.npmjs.org/@babel/helper-string-parser/-/helper-string-parser-7.29.7.tgz. Extracting by manifest.
777 silly tarball no local data for @vue/shared@https://registry.npmjs.org/@vue/shared/-/shared-3.5.39.tgz. Extracting by manifest.
778 silly tarball no local data for @vue/server-renderer@https://registry.npmjs.org/@vue/server-renderer/-/server-renderer-3.5.39.tgz. Extracting by manifest.
779 silly tarball no local data for @vue/compiler-sfc@https://registry.npmjs.org/@vue/compiler-sfc/-/compiler-sfc-3.5.39.tgz. Extracting by manifest.
780 silly tarball no local data for @types/estree@https://registry.npmjs.org/@types/estree/-/estree-1.0.9.tgz. Extracting by manifest.
781 silly tarball no local data for @vue/compiler-dom@https://registry.npmjs.org/@vue/compiler-dom/-/compiler-dom-3.5.39.tgz. Extracting by manifest.
782 silly tarball no local data for @esbuild/win32-x64@https://registry.npmjs.org/@esbuild/win32-x64/-/win32-x64-0.21.5.tgz. Extracting by manifest.
783 silly tarball no local data for source-map-js@https://registry.npmjs.org/source-map-js/-/source-map-js-1.2.1.tgz. Extracting by manifest.
784 silly tarball no local data for @rollup/rollup-win32-x64-msvc@https://registry.npmjs.org/@rollup/rollup-win32-x64-msvc/-/rollup-win32-x64-msvc-4.62.2.tgz. Extracting by manifest.
785 silly tarball no local data for @vue/devtools-api@https://registry.npmjs.org/@vue/devtools-api/-/devtools-api-6.6.4.tgz. Extracting by manifest.
786 silly tarball no local data for @rollup/rollup-win32-x64-gnu@https://registry.npmjs.org/@rollup/rollup-win32-x64-gnu/-/rollup-win32-x64-gnu-4.62.2.tgz. Extracting by manifest.
787 silly tarball no local data for picocolors@https://registry.npmjs.org/picocolors/-/picocolors-1.1.1.tgz. Extracting by manifest.
788 silly tarball no local data for rollup@https://registry.npmjs.org/rollup/-/rollup-4.62.2.tgz. Extracting by manifest.
789 silly tarball no local data for nanoid@https://registry.npmjs.org/nanoid/-/nanoid-3.3.15.tgz. Extracting by manifest.
790 silly tarball no local data for postcss@https://registry.npmjs.org/postcss/-/postcss-8.5.15.tgz. Extracting by manifest.
791 silly tarball no local data for esbuild@https://registry.npmjs.org/esbuild/-/esbuild-0.21.5.tgz. Extracting by manifest.
792 silly tarball no local data for vue-demi@https://registry.npmjs.org/vue-demi/-/vue-demi-0.14.10.tgz. Extracting by manifest.
793 silly tarball no local data for ms@https://registry.npmjs.org/ms/-/ms-2.1.3.tgz. Extracting by manifest.
794 silly tarball no local data for mime-db@https://registry.npmjs.org/mime-db/-/mime-db-1.52.0.tgz. Extracting by manifest.
795 silly tarball no local data for debug@https://registry.npmjs.org/debug/-/debug-4.4.3.tgz. Extracting by manifest.
796 silly tarball no local data for agent-base@https://registry.npmjs.org/agent-base/-/agent-base-6.0.2.tgz. Extracting by manifest.
797 silly tarball no local data for math-intrinsics@https://registry.npmjs.org/math-intrinsics/-/math-intrinsics-1.1.0.tgz. Extracting by manifest.
798 silly tarball no local data for gopd@https://registry.npmjs.org/gopd/-/gopd-1.2.0.tgz. Extracting by manifest.
799 silly tarball no local data for dunder-proto@https://registry.npmjs.org/dunder-proto/-/dunder-proto-1.0.1.tgz. Extracting by manifest.
800 silly tarball no local data for has-symbols@https://registry.npmjs.org/has-symbols/-/has-symbols-1.1.0.tgz. Extracting by manifest.
801 silly tarball no local data for get-proto@https://registry.npmjs.org/get-proto/-/get-proto-1.0.1.tgz. Extracting by manifest.
802 silly tarball no local data for function-bind@https://registry.npmjs.org/function-bind/-/function-bind-1.1.2.tgz. Extracting by manifest.
803 silly tarball no local data for es-object-atoms@https://registry.npmjs.org/es-object-atoms/-/es-object-atoms-1.1.2.tgz. Extracting by manifest.
804 silly tarball no local data for es-define-property@https://registry.npmjs.org/es-define-property/-/es-define-property-1.0.1.tgz. Extracting by manifest.
805 silly tarball no local data for has-tostringtag@https://registry.npmjs.org/has-tostringtag/-/has-tostringtag-1.0.2.tgz. Extracting by manifest.
806 silly tarball no local data for call-bind-apply-helpers@https://registry.npmjs.org/call-bind-apply-helpers/-/call-bind-apply-helpers-1.0.2.tgz. Extracting by manifest.
807 silly tarball no local data for get-intrinsic@https://registry.npmjs.org/get-intrinsic/-/get-intrinsic-1.3.0.tgz. Extracting by manifest.
808 silly tarball no local data for es-errors@https://registry.npmjs.org/es-errors/-/es-errors-1.3.0.tgz. Extracting by manifest.
809 silly tarball no local data for delayed-stream@https://registry.npmjs.org/delayed-stream/-/delayed-stream-1.0.0.tgz. Extracting by manifest.
810 silly tarball no local data for mime-types@https://registry.npmjs.org/mime-types/-/mime-types-2.1.35.tgz. Extracting by manifest.
811 silly tarball no local data for hasown@https://registry.npmjs.org/hasown/-/hasown-2.0.4.tgz. Extracting by manifest.
812 silly tarball no local data for @vueuse/metadata@https://registry.npmjs.org/@vueuse/metadata/-/metadata-14.3.0.tgz. Extracting by manifest.
813 silly tarball no local data for @vueuse/shared@https://registry.npmjs.org/@vueuse/shared/-/shared-14.3.0.tgz. Extracting by manifest.
814 silly tarball no local data for es-set-tostringtag@https://registry.npmjs.org/es-set-tostringtag/-/es-set-tostringtag-2.1.0.tgz. Extracting by manifest.
815 silly tarball no local data for asynckit@https://registry.npmjs.org/asynckit/-/asynckit-0.4.0.tgz. Extracting by manifest.
816 silly tarball no local data for combined-stream@https://registry.npmjs.org/combined-stream/-/combined-stream-1.0.8.tgz. Extracting by manifest.
817 silly tarball no local data for @types/web-bluetooth@https://registry.npmjs.org/@types/web-bluetooth/-/web-bluetooth-0.0.21.tgz. Extracting by manifest.
818 silly tarball no local data for @floating-ui/core@https://registry.npmjs.org/@floating-ui/core/-/core-1.7.5.tgz. Extracting by manifest.
819 silly tarball no local data for @floating-ui/utils@https://registry.npmjs.org/@floating-ui/utils/-/utils-0.2.11.tgz. Extracting by manifest.
820 silly tarball no local data for vue-component-type-helpers@https://registry.npmjs.org/vue-component-type-helpers/-/vue-component-type-helpers-3.3.5.tgz. Extracting by manifest.
821 silly tarball no local data for memoize-one@https://registry.npmjs.org/memoize-one/-/memoize-one-6.0.0.tgz. Extracting by manifest.
822 silly tarball no local data for lodash-unified@https://registry.npmjs.org/lodash-unified/-/lodash-unified-1.0.3.tgz. Extracting by manifest.
823 silly tarball no local data for lodash@https://registry.npmjs.org/lodash/-/lodash-4.18.1.tgz. Extracting by manifest.
824 silly tarball no local data for normalize-wheel-es@https://registry.npmjs.org/normalize-wheel-es/-/normalize-wheel-es-1.2.0.tgz. Extracting by manifest.
825 silly tarball no local data for @vueuse/core@https://registry.npmjs.org/@vueuse/core/-/core-14.3.0.tgz. Extracting by manifest.
826 silly tarball no local data for dayjs@https://registry.npmjs.org/dayjs/-/dayjs-1.11.21.tgz. Extracting by manifest.
827 silly tarball no local data for async-validator@https://registry.npmjs.org/async-validator/-/async-validator-4.2.5.tgz. Extracting by manifest.
828 silly tarball no local data for lodash-es@https://registry.npmjs.org/lodash-es/-/lodash-es-4.18.1.tgz. Extracting by manifest.
829 silly tarball no local data for @popperjs/core@https://registry.npmjs.org/@sxzz/popperjs-es/-/popperjs-es-2.11.8.tgz. Extracting by manifest.
830 silly tarball no local data for @floating-ui/dom@https://registry.npmjs.org/@floating-ui/dom/-/dom-1.7.6.tgz. Extracting by manifest.
831 silly tarball no local data for @ctrl/tinycolor@https://registry.npmjs.org/@ctrl/tinycolor/-/tinycolor-4.2.0.tgz. Extracting by manifest.
832 silly tarball no local data for @types/lodash-es@https://registry.npmjs.org/@types/lodash-es/-/lodash-es-4.17.12.tgz. Extracting by manifest.
833 silly tarball no local data for zrender@https://registry.npmjs.org/zrender/-/zrender-5.6.1.tgz. Extracting by manifest.
834 silly tarball no local data for @types/lodash@https://registry.npmjs.org/@types/lodash/-/lodash-4.17.24.tgz. Extracting by manifest.
835 silly tarball no local data for @element-plus/icons-vue@https://registry.npmjs.org/@element-plus/icons-vue/-/icons-vue-2.3.2.tgz. Extracting by manifest.
836 silly tarball no local data for tslib@https://registry.npmjs.org/tslib/-/tslib-2.3.0.tgz. Extracting by manifest.
837 silly tarball no local data for proxy-from-env@https://registry.npmjs.org/proxy-from-env/-/proxy-from-env-2.1.0.tgz. Extracting by manifest.
838 silly tarball no local data for form-data@https://registry.npmjs.org/form-data/-/form-data-4.0.6.tgz. Extracting by manifest.
839 silly tarball no local data for https-proxy-agent@https://registry.npmjs.org/https-proxy-agent/-/https-proxy-agent-5.0.1.tgz. Extracting by manifest.
840 silly tarball no local data for follow-redirects@https://registry.npmjs.org/follow-redirects/-/follow-redirects-1.16.0.tgz. Extracting by manifest.
841 silly tarball no local data for vue-router@https://registry.npmjs.org/vue-router/-/vue-router-4.6.4.tgz. Extracting by manifest.
842 silly tarball no local data for vue-echarts@https://registry.npmjs.org/vue-echarts/-/vue-echarts-6.7.3.tgz. Extracting by manifest.
843 silly tarball no local data for pinia@https://registry.npmjs.org/pinia/-/pinia-2.3.1.tgz. Extracting by manifest.
844 silly tarball no local data for element-plus@https://registry.npmjs.org/element-plus/-/element-plus-2.14.2.tgz. Extracting by manifest.
845 silly tarball no local data for @vitejs/plugin-vue@https://registry.npmjs.org/@vitejs/plugin-vue/-/plugin-vue-5.2.4.tgz. Extracting by manifest.
846 silly tarball no local data for echarts@https://registry.npmjs.org/echarts/-/echarts-5.6.0.tgz. Extracting by manifest.
847 silly tarball no local data for axios@https://registry.npmjs.org/axios/-/axios-1.18.1.tgz. Extracting by manifest.
848 silly tarball no local data for vue-demi@https://registry.npmjs.org/vue-demi/-/vue-demi-0.13.11.tgz. Extracting by manifest.
849 silly tarball no local data for vue@https://registry.npmjs.org/vue/-/vue-3.5.39.tgz. Extracting by manifest.
850 silly tarball no local data for vite@https://registry.npmjs.org/vite/-/vite-5.4.21.tgz. Extracting by manifest.
851 http fetch POST 200 https://registry.npmjs.org/-/npm/v1/security/advisories/bulk 292ms
852 timing auditReport:getReport Completed in 297ms
853 silly audit report {
853 silly audit report   vite: [
853 silly audit report     {
853 silly audit report       id: 1120784,
853 silly audit report       url: 'https://github.com/advisories/GHSA-v6wh-96g9-6wx3',
853 silly audit report       title: 'launch-editor: NTLMv2 hash disclosure via UNC path handling on Windows',
853 silly audit report       severity: 'moderate',
853 silly audit report       vulnerable_versions: '<=6.4.2',
853 silly audit report       cwe: [Array],
853 silly audit report       cvss: [Object]
853 silly audit report     },
853 silly audit report     {
853 silly audit report       id: 1120789,
853 silly audit report       url: 'https://github.com/advisories/GHSA-fx2h-pf6j-xcff',
853 silly audit report       title: 'vite: `server.fs.deny` bypass on Windows alternate paths',
853 silly audit report       severity: 'high',
853 silly audit report       vulnerable_versions: '<=6.4.2',
853 silly audit report       cwe: [Array],
853 silly audit report       cvss: [Object]
853 silly audit report     },
853 silly audit report     {
853 silly audit report       id: 1116229,
853 silly audit report       url: 'https://github.com/advisories/GHSA-4w7w-66w2-5vf9',
853 silly audit report       title: 'Vite Vulnerable to Path Traversal in Optimized Deps `.map` Handling',
853 silly audit report       severity: 'moderate',
853 silly audit report       vulnerable_versions: '<=6.4.1',
853 silly audit report       cwe: [Array],
853 silly audit report       cvss: [Object]
853 silly audit report     }
853 silly audit report   ],
853 silly audit report   esbuild: [
853 silly audit report     {
853 silly audit report       id: 1102341,
853 silly audit report       url: 'https://github.com/advisories/GHSA-67mh-4wv8-2f99',
853 silly audit report       title: 'esbuild enables any website to send any requests to the development server and read the response',
853 silly audit report       severity: 'moderate',
853 silly audit report       vulnerable_versions: '<=0.24.2',
853 silly audit report       cwe: [Array],
853 silly audit report       cvss: [Object]
853 silly audit report     }
853 silly audit report   ]
853 silly audit report }
854 timing metavuln:packument:vite Completed in 1ms
855 timing metavuln:packument:esbuild Completed in 0ms
856 timing metavuln:cache:get:security-advisory:vite:CReXW7o3cJZ0aN4nhg/gRV1E8OPJ2SoGmmUw6lY2bLjCfF70z3PbDKbutfCbWYbBHkeQ6W4F2IxffSmtDjtaNw== Completed in 2ms
857 timing metavuln:load:security-advisory:vite:1120784 Completed in 23ms
858 timing metavuln:cache:get:security-advisory:vite:rfJCJIEvcv5f5yDq7HLcRBJmzTJ3qG7HiqGGE2HGmflNE9+dfcWbPBKVjy9e92Z2cEm1UUr/9/cniCzumr5N1A== Completed in 25ms
859 timing metavuln:load:security-advisory:vite:1120789 Completed in 13ms
860 timing metavuln:cache:get:security-advisory:vite:I1BdsVrQ8+F0Nz5pjiEY7gYSFBzvKNwOR8nQyg9euOprN34SC4VipJH1GMc8WCRl+e0xZWGr2QiYwiNwqO4gag== Completed in 39ms
861 timing metavuln:load:security-advisory:vite:1116229 Completed in 13ms
862 timing metavuln:cache:get:security-advisory:esbuild:jKdCIzePj7J1488qgRXvF8Srh9wutSuR1exB8YooNX62hT+qhtrUXYbArLNoIhgwbaCqKpmduh18syZU7BR9SA== Completed in 52ms
863 timing metavuln:load:security-advisory:esbuild:1102341 Completed in 4ms
864 timing metavuln:cache:put:security-advisory:vite:CReXW7o3cJZ0aN4nhg/gRV1E8OPJ2SoGmmUw6lY2bLjCfF70z3PbDKbutfCbWYbBHkeQ6W4F2IxffSmtDjtaNw== Completed in 104ms
865 timing metavuln:calculate:security-advisory:vite:1120784 Completed in 130ms
866 timing metavuln:cache:put:security-advisory:vite:I1BdsVrQ8+F0Nz5pjiEY7gYSFBzvKNwOR8nQyg9euOprN34SC4VipJH1GMc8WCRl+e0xZWGr2QiYwiNwqO4gag== Completed in 78ms
867 timing metavuln:calculate:security-advisory:vite:1116229 Completed in 130ms
868 timing metavuln:cache:put:security-advisory:vite:rfJCJIEvcv5f5yDq7HLcRBJmzTJ3qG7HiqGGE2HGmflNE9+dfcWbPBKVjy9e92Z2cEm1UUr/9/cniCzumr5N1A== Completed in 98ms
869 timing metavuln:calculate:security-advisory:vite:1120789 Completed in 137ms
870 http fetch GET 200 https://registry.npmjs.org/estree-walker/-/estree-walker-2.0.2.tgz 366ms (cache miss)
871 timing metavuln:cache:put:security-advisory:esbuild:jKdCIzePj7J1488qgRXvF8Srh9wutSuR1exB8YooNX62hT+qhtrUXYbArLNoIhgwbaCqKpmduh18syZU7BR9SA== Completed in 88ms
872 timing metavuln:calculate:security-advisory:esbuild:1102341 Completed in 146ms
873 timing metavuln:packument:@vitejs/plugin-vue Completed in 0ms
874 timing metavuln:cache:get:security-advisory:@vitejs/plugin-vue:76huywcqJpiBb+m3QUd89+ELopkfRDVaL959lvemqtY+XwiMvfsQRfiH68BdVKXMK+e/VJT3atfSHjrUzO2uyg== Completed in 4ms
875 timing metavuln:load:security-advisory:@vitejs/plugin-vue:CReXW7o3cJZ0aN4nhg/gRV1E8OPJ2SoGmmUw6lY2bLjCfF70z3PbDKbutfCbWYbBHkeQ6W4F2IxffSmtDjtaNw== Completed in 46ms
876 http fetch GET 200 https://registry.npmjs.org/@vue/compiler-ssr/-/compiler-ssr-3.5.39.tgz 445ms (cache miss)
877 http fetch GET 200 https://registry.npmjs.org/resize-detector/-/resize-detector-0.3.0.tgz 452ms (cache miss)
878 timing reifyNode:node_modules/@vue/compiler-ssr Completed in 528ms
879 http fetch GET 200 https://registry.npmjs.org/@babel/helper-validator-identifier/-/helper-validator-identifier-7.29.7.tgz 463ms (cache miss)
880 timing metavuln:cache:put:security-advisory:@vitejs/plugin-vue:76huywcqJpiBb+m3QUd89+ELopkfRDVaL959lvemqtY+XwiMvfsQRfiH68BdVKXMK+e/VJT3atfSHjrUzO2uyg== Completed in 35ms
881 timing metavuln:calculate:security-advisory:@vitejs/plugin-vue:CReXW7o3cJZ0aN4nhg/gRV1E8OPJ2SoGmmUw6lY2bLjCfF70z3PbDKbutfCbWYbBHkeQ6W4F2IxffSmtDjtaNw== Completed in 85ms
882 timing metavuln:cache:get:security-advisory:vite:tMBsdAS7JBTyRORp0YaJR984WAAsOxgmReSLBN0Nd41GhzEakjROICqAJ31iOdYG5Ijo/MlJ01p3ig1iN88+Tw== Completed in 1ms
883 timing metavuln:load:security-advisory:vite:jKdCIzePj7J1488qgRXvF8Srh9wutSuR1exB8YooNX62hT+qhtrUXYbArLNoIhgwbaCqKpmduh18syZU7BR9SA== Completed in 86ms
884 timing reifyNode:node_modules/resize-detector Completed in 639ms
885 http fetch GET 200 https://registry.npmjs.org/@babel/helper-string-parser/-/helper-string-parser-7.29.7.tgz 574ms (cache miss)
886 timing reifyNode:node_modules/@babel/helper-string-parser Completed in 650ms
887 timing reifyNode:node_modules/@babel/helper-validator-identifier Completed in 658ms
888 timing metavuln:cache:put:security-advisory:vite:tMBsdAS7JBTyRORp0YaJR984WAAsOxgmReSLBN0Nd41GhzEakjROICqAJ31iOdYG5Ijo/MlJ01p3ig1iN88+Tw== Completed in 41ms
889 timing metavuln:calculate:security-advisory:vite:jKdCIzePj7J1488qgRXvF8Srh9wutSuR1exB8YooNX62hT+qhtrUXYbArLNoIhgwbaCqKpmduh18syZU7BR9SA== Completed in 128ms
890 timing auditReport:init Completed in 381ms
891 timing reify:audit Completed in 679ms
892 http fetch GET 200 https://registry.npmjs.org/@types/estree/-/estree-1.0.9.tgz 618ms (cache miss)
893 timing reifyNode:node_modules/@types/estree Completed in 699ms
894 http fetch GET 200 https://registry.npmjs.org/magic-string/-/magic-string-0.30.21.tgz 635ms (cache miss)
895 http fetch GET 200 https://registry.npmjs.org/@vue/shared/-/shared-3.5.39.tgz 628ms (cache miss)
896 timing reifyNode:node_modules/@vue/shared Completed in 704ms
897 timing reifyNode:node_modules/magic-string Completed in 705ms
898 timing reifyNode:node_modules/estree-walker Completed in 705ms
899 http fetch GET 200 https://registry.npmjs.org/@vue/reactivity/-/reactivity-3.5.39.tgz 641ms (cache miss)
900 http fetch GET 200 https://registry.npmjs.org/@vue/compiler-core/-/compiler-core-3.5.39.tgz 644ms (cache miss)
901 timing reifyNode:node_modules/@vue/reactivity Completed in 712ms
902 timing reifyNode:node_modules/@vue/compiler-core Completed in 714ms
903 http fetch GET 200 https://registry.npmjs.org/@vue/runtime-core/-/runtime-core-3.5.39.tgz 662ms (cache miss)
904 timing reifyNode:node_modules/@vue/runtime-core Completed in 729ms
905 http fetch GET 200 https://registry.npmjs.org/csstype/-/csstype-3.2.3.tgz 666ms (cache miss)
906 timing reifyNode:node_modules/csstype Completed in 730ms
907 http fetch GET 200 https://registry.npmjs.org/@vue/server-renderer/-/server-renderer-3.5.39.tgz 666ms (cache miss)
908 timing reifyNode:node_modules/@vue/server-renderer Completed in 743ms
909 http fetch GET 200 https://registry.npmjs.org/@jridgewell/sourcemap-codec/-/sourcemap-codec-1.5.5.tgz 686ms (cache miss)
910 timing reifyNode:node_modules/@jridgewell/sourcemap-codec Completed in 751ms
911 http fetch GET 200 https://registry.npmjs.org/picocolors/-/picocolors-1.1.1.tgz 706ms (cache miss)
912 timing reifyNode:node_modules/picocolors Completed in 792ms
913 http fetch GET 200 https://registry.npmjs.org/@vue/runtime-dom/-/runtime-dom-3.5.39.tgz 728ms (cache miss)
914 timing reifyNode:node_modules/@vue/runtime-dom Completed in 797ms
915 http fetch GET 200 https://registry.npmjs.org/@vue/devtools-api/-/devtools-api-6.6.4.tgz 751ms (cache miss)
916 http fetch GET 200 https://registry.npmjs.org/@babel/parser/-/parser-7.29.7.tgz 787ms (cache miss)
917 timing reifyNode:node_modules/@babel/parser Completed in 856ms
918 http fetch GET 200 https://registry.npmjs.org/source-map-js/-/source-map-js-1.2.1.tgz 780ms (cache miss)
919 timing reifyNode:node_modules/source-map-js Completed in 856ms
920 http fetch GET 200 https://registry.npmjs.org/nanoid/-/nanoid-3.3.15.tgz 802ms (cache miss)
921 http fetch GET 200 https://registry.npmjs.org/@vue/compiler-sfc/-/compiler-sfc-3.5.39.tgz 869ms (cache miss)
922 timing reifyNode:node_modules/@vue/compiler-sfc Completed in 943ms
923 http fetch GET 200 https://registry.npmjs.org/esbuild/-/esbuild-0.21.5.tgz 863ms (cache miss)
924 timing reifyNode:node_modules/esbuild Completed in 945ms
925 http fetch GET 200 https://registry.npmjs.org/@vue/compiler-dom/-/compiler-dom-3.5.39.tgz 873ms (cache miss)
926 timing reifyNode:node_modules/@vue/compiler-dom Completed in 948ms
927 timing reifyNode:node_modules/nanoid Completed in 951ms
928 timing reifyNode:node_modules/@vue/devtools-api Completed in 958ms
929 http fetch GET 200 https://registry.npmjs.org/vue-demi/-/vue-demi-0.14.10.tgz 889ms (cache miss)
930 http fetch GET 200 https://registry.npmjs.org/mime-db/-/mime-db-1.52.0.tgz 916ms (cache miss)
931 timing reifyNode:node_modules/mime-db Completed in 999ms
932 timing reifyNode:node_modules/vue-demi Completed in 1004ms
933 http fetch GET 200 https://registry.npmjs.org/entities/-/entities-7.0.1.tgz 948ms (cache miss)
934 timing reifyNode:node_modules/entities Completed in 1017ms
935 http fetch GET 200 https://registry.npmjs.org/ms/-/ms-2.1.3.tgz 937ms (cache miss)
936 timing reifyNode:node_modules/ms Completed in 1018ms
937 http fetch GET 200 https://registry.npmjs.org/debug/-/debug-4.4.3.tgz 951ms (cache miss)
938 http fetch GET 200 https://registry.npmjs.org/math-intrinsics/-/math-intrinsics-1.1.0.tgz 968ms (cache miss)
939 timing reifyNode:node_modules/debug Completed in 1054ms
940 http fetch GET 200 https://registry.npmjs.org/agent-base/-/agent-base-6.0.2.tgz 970ms (cache miss)
941 http fetch GET 200 https://registry.npmjs.org/postcss/-/postcss-8.5.15.tgz 978ms (cache miss)
942 timing reifyNode:node_modules/postcss Completed in 1059ms
943 timing reifyNode:node_modules/agent-base Completed in 1070ms
944 timing reifyNode:node_modules/math-intrinsics Completed in 1103ms
945 http fetch GET 200 https://registry.npmjs.org/gopd/-/gopd-1.2.0.tgz 1021ms (cache miss)
946 timing reifyNode:node_modules/gopd Completed in 1106ms
947 http fetch GET 200 https://registry.npmjs.org/@babel/types/-/types-7.29.7.tgz 1111ms (cache miss)
948 timing reifyNode:node_modules/@babel/types Completed in 1180ms
949 http fetch GET 200 https://registry.npmjs.org/function-bind/-/function-bind-1.1.2.tgz 1123ms (cache miss)
950 http fetch GET 200 https://registry.npmjs.org/get-proto/-/get-proto-1.0.1.tgz 1124ms (cache miss)
951 http fetch GET 200 https://registry.npmjs.org/has-symbols/-/has-symbols-1.1.0.tgz 1128ms (cache miss)
952 http fetch GET 200 https://registry.npmjs.org/dunder-proto/-/dunder-proto-1.0.1.tgz 1133ms (cache miss)
953 timing reifyNode:node_modules/function-bind Completed in 1232ms
954 timing reifyNode:node_modules/get-proto Completed in 1234ms
955 http fetch GET 200 https://registry.npmjs.org/es-object-atoms/-/es-object-atoms-1.1.2.tgz 1147ms (cache miss)
956 timing reifyNode:node_modules/has-symbols Completed in 1242ms
957 timing reifyNode:node_modules/dunder-proto Completed in 1243ms
958 http fetch GET 200 https://registry.npmjs.org/es-define-property/-/es-define-property-1.0.1.tgz 1160ms (cache miss)
959 timing reifyNode:node_modules/es-object-atoms Completed in 1262ms
960 timing reifyNode:node_modules/es-define-property Completed in 1265ms
961 http fetch GET 200 https://registry.npmjs.org/get-intrinsic/-/get-intrinsic-1.3.0.tgz 1183ms (cache miss)
962 timing reifyNode:node_modules/get-intrinsic Completed in 1275ms
963 http fetch GET 200 https://registry.npmjs.org/call-bind-apply-helpers/-/call-bind-apply-helpers-1.0.2.tgz 1186ms (cache miss)
964 http fetch GET 200 https://registry.npmjs.org/has-tostringtag/-/has-tostringtag-1.0.2.tgz 1203ms (cache miss)
965 http fetch GET 200 https://registry.npmjs.org/es-errors/-/es-errors-1.3.0.tgz 1202ms (cache miss)
966 http fetch GET 200 https://registry.npmjs.org/delayed-stream/-/delayed-stream-1.0.0.tgz 1224ms (cache miss)
967 http fetch GET 200 https://registry.npmjs.org/rollup/-/rollup-4.62.2.tgz 1243ms (cache miss)
968 timing reifyNode:node_modules/rollup Completed in 1322ms
969 timing reifyNode:node_modules/delayed-stream Completed in 1323ms
970 timing reifyNode:node_modules/call-bind-apply-helpers Completed in 1324ms
971 timing reifyNode:node_modules/has-tostringtag Completed in 1326ms
972 timing reifyNode:node_modules/es-errors Completed in 1332ms
973 http fetch GET 200 https://registry.npmjs.org/hasown/-/hasown-2.0.4.tgz 1347ms (cache miss)
974 http fetch GET 200 https://registry.npmjs.org/mime-types/-/mime-types-2.1.35.tgz 1352ms (cache miss)
975 timing reifyNode:node_modules/mime-types Completed in 1448ms
976 http fetch GET 200 https://registry.npmjs.org/@rollup/rollup-win32-x64-gnu/-/rollup-win32-x64-gnu-4.62.2.tgz 1381ms (cache miss)
977 timing reifyNode:node_modules/@rollup/rollup-win32-x64-gnu Completed in 1460ms
978 http fetch GET 200 https://registry.npmjs.org/es-set-tostringtag/-/es-set-tostringtag-2.1.0.tgz 1364ms (cache miss)
979 timing reifyNode:node_modules/hasown Completed in 1466ms
980 http fetch GET 200 https://registry.npmjs.org/combined-stream/-/combined-stream-1.0.8.tgz 1372ms (cache miss)
981 http fetch GET 200 https://registry.npmjs.org/@vueuse/metadata/-/metadata-14.3.0.tgz 1377ms (cache miss)
982 timing reifyNode:node_modules/@vueuse/metadata Completed in 1475ms
983 timing reifyNode:node_modules/combined-stream Completed in 1477ms
984 timing reifyNode:node_modules/es-set-tostringtag Completed in 1479ms
985 http fetch GET 200 https://registry.npmjs.org/@vueuse/shared/-/shared-14.3.0.tgz 1384ms (cache miss)
986 timing reifyNode:node_modules/@vueuse/shared Completed in 1483ms
987 http fetch GET 200 https://registry.npmjs.org/asynckit/-/asynckit-0.4.0.tgz 1396ms (cache miss)
988 timing reifyNode:node_modules/asynckit Completed in 1496ms
989 http fetch GET 200 https://registry.npmjs.org/@types/web-bluetooth/-/web-bluetooth-0.0.21.tgz 1395ms (cache miss)
990 timing reifyNode:node_modules/@types/web-bluetooth Completed in 1497ms
991 http fetch GET 200 https://registry.npmjs.org/@rollup/rollup-win32-x64-msvc/-/rollup-win32-x64-msvc-4.62.2.tgz 1437ms (cache miss)
992 timing reifyNode:node_modules/@rollup/rollup-win32-x64-msvc Completed in 1514ms
993 http fetch GET 200 https://registry.npmjs.org/vue-component-type-helpers/-/vue-component-type-helpers-3.3.5.tgz 1411ms (cache miss)
994 timing reifyNode:node_modules/vue-component-type-helpers Completed in 1514ms
995 http fetch GET 200 https://registry.npmjs.org/memoize-one/-/memoize-one-6.0.0.tgz 1421ms (cache miss)
996 timing reifyNode:node_modules/memoize-one Completed in 1539ms
997 http fetch GET 200 https://registry.npmjs.org/@floating-ui/core/-/core-1.7.5.tgz 1451ms (cache miss)
998 timing reifyNode:node_modules/@floating-ui/core Completed in 1552ms
999 http fetch GET 200 https://registry.npmjs.org/@floating-ui/utils/-/utils-0.2.11.tgz 1467ms (cache miss)
1000 timing reifyNode:node_modules/@floating-ui/utils Completed in 1570ms
1001 http fetch GET 200 https://registry.npmjs.org/lodash-unified/-/lodash-unified-1.0.3.tgz 1542ms (cache miss)
1002 timing reifyNode:node_modules/lodash-unified Completed in 1648ms
1003 http fetch GET 200 https://registry.npmjs.org/normalize-wheel-es/-/normalize-wheel-es-1.2.0.tgz 1559ms (cache miss)
1004 timing reifyNode:node_modules/normalize-wheel-es Completed in 1675ms
1005 http fetch GET 200 https://registry.npmjs.org/async-validator/-/async-validator-4.2.5.tgz 1730ms (cache miss)
1006 timing reifyNode:node_modules/async-validator Completed in 1836ms
1007 http fetch GET 200 https://registry.npmjs.org/@floating-ui/dom/-/dom-1.7.6.tgz 1770ms (cache miss)
1008 timing reifyNode:node_modules/@floating-ui/dom Completed in 1878ms
1009 http fetch GET 200 https://registry.npmjs.org/@vueuse/core/-/core-14.3.0.tgz 1794ms (cache miss)
1010 timing reifyNode:node_modules/@vueuse/core Completed in 1900ms
1011 http fetch GET 200 https://registry.npmjs.org/tslib/-/tslib-2.3.0.tgz 1807ms (cache miss)
1012 http fetch GET 200 https://registry.npmjs.org/proxy-from-env/-/proxy-from-env-2.1.0.tgz 1807ms (cache miss)
1013 timing reifyNode:node_modules/proxy-from-env Completed in 1923ms
1014 timing reifyNode:node_modules/tslib Completed in 1934ms
1015 http fetch GET 200 https://registry.npmjs.org/@sxzz/popperjs-es/-/popperjs-es-2.11.8.tgz 1839ms (cache miss)
1016 timing reifyNode:node_modules/@popperjs/core Completed in 1948ms
1017 http fetch GET 200 https://registry.npmjs.org/@ctrl/tinycolor/-/tinycolor-4.2.0.tgz 1848ms (cache miss)
1018 timing reifyNode:node_modules/@ctrl/tinycolor Completed in 1958ms
1019 http fetch GET 200 https://registry.npmjs.org/https-proxy-agent/-/https-proxy-agent-5.0.1.tgz 1872ms (cache miss)
1020 http fetch GET 200 https://registry.npmjs.org/follow-redirects/-/follow-redirects-1.16.0.tgz 1875ms (cache miss)
1021 http fetch GET 200 https://registry.npmjs.org/form-data/-/form-data-4.0.6.tgz 1881ms (cache miss)
1022 timing reifyNode:node_modules/form-data Completed in 1996ms
1023 timing reifyNode:node_modules/follow-redirects Completed in 2002ms
1024 timing reifyNode:node_modules/https-proxy-agent Completed in 2004ms
1025 http fetch GET 200 https://registry.npmjs.org/vue-router/-/vue-router-4.6.4.tgz 2006ms (cache miss)
1026 timing reifyNode:node_modules/vue-router Completed in 2128ms
1027 http fetch GET 200 https://registry.npmjs.org/pinia/-/pinia-2.3.1.tgz 2045ms (cache miss)
1028 timing reifyNode:node_modules/pinia Completed in 2165ms
1029 http fetch GET 200 https://registry.npmjs.org/vue-echarts/-/vue-echarts-6.7.3.tgz 2084ms (cache miss)
1030 timing reifyNode:node_modules/vue-echarts Completed in 2207ms
1031 http fetch GET 200 https://registry.npmjs.org/@vitejs/plugin-vue/-/plugin-vue-5.2.4.tgz 2168ms (cache miss)
1032 timing reifyNode:node_modules/@vitejs/plugin-vue Completed in 2291ms
1033 http fetch GET 200 https://registry.npmjs.org/vue-demi/-/vue-demi-0.13.11.tgz 2197ms (cache miss)
1034 timing reifyNode:node_modules/vue-echarts/node_modules/vue-demi Completed in 2323ms
1035 http fetch GET 200 https://registry.npmjs.org/@types/lodash-es/-/lodash-es-4.17.12.tgz 2520ms (cache miss)
1036 timing reifyNode:node_modules/@types/lodash-es Completed in 2631ms
1037 http fetch GET 200 https://registry.npmjs.org/dayjs/-/dayjs-1.11.21.tgz 2635ms (cache miss)
1038 timing reifyNode:node_modules/dayjs Completed in 2741ms
1039 http fetch GET 200 https://registry.npmjs.org/axios/-/axios-1.18.1.tgz 2977ms (cache miss)
1040 timing reifyNode:node_modules/axios Completed in 3100ms
1041 http fetch GET 200 https://registry.npmjs.org/lodash-es/-/lodash-es-4.18.1.tgz 3119ms (cache miss)
1042 timing reifyNode:node_modules/lodash-es Completed in 3229ms
1043 http fetch GET 200 https://registry.npmjs.org/@types/lodash/-/lodash-4.17.24.tgz 3185ms (cache miss)
1044 timing reifyNode:node_modules/@types/lodash Completed in 3299ms
1045 http fetch GET 200 https://registry.npmjs.org/vite/-/vite-5.4.21.tgz 3347ms (cache miss)
1046 timing reifyNode:node_modules/vite Completed in 3475ms
1047 http fetch GET 200 https://registry.npmjs.org/vue/-/vue-3.5.39.tgz 3370ms (cache miss)
1048 timing reifyNode:node_modules/vue Completed in 3496ms
1049 http fetch GET 200 https://registry.npmjs.org/zrender/-/zrender-5.6.1.tgz 3415ms (cache miss)
1050 timing reifyNode:node_modules/zrender Completed in 3526ms
1051 http fetch GET 200 https://registry.npmjs.org/@esbuild/win32-x64/-/win32-x64-0.21.5.tgz 3504ms (cache miss)
1052 timing reifyNode:node_modules/@esbuild/win32-x64 Completed in 3579ms
1053 http fetch GET 200 https://registry.npmjs.org/lodash/-/lodash-4.18.1.tgz 3565ms (cache miss)
1054 timing reifyNode:node_modules/lodash Completed in 3669ms
1055 http fetch GET 200 https://registry.npmjs.org/@element-plus/icons-vue/-/icons-vue-2.3.2.tgz 4238ms (cache miss)
1056 timing reifyNode:node_modules/@element-plus/icons-vue Completed in 4350ms
1057 http fetch GET 200 https://registry.npmjs.org/echarts/-/echarts-5.6.0.tgz 11669ms (cache miss)
1058 timing reifyNode:node_modules/echarts Completed in 11793ms
1059 http fetch GET 200 https://registry.npmjs.org/element-plus/-/element-plus-2.14.2.tgz 15328ms (cache miss)
1060 timing reifyNode:node_modules/element-plus Completed in 15450ms
1061 timing reify:unpack Completed in 15459ms
1062 timing reify:unretire Completed in 0ms
1063 timing build:queue Completed in 13ms
1064 timing build:link:node_modules/@babel/parser Completed in 45ms
1065 timing build:link:node_modules/esbuild Completed in 44ms
1066 timing build:link:node_modules/rollup Completed in 44ms
1067 timing build:link:node_modules/nanoid Completed in 44ms
1068 timing build:link:node_modules/vite Completed in 54ms
1069 timing build:link:node_modules/vue-demi Completed in 54ms
1070 timing build:link:node_modules/vue-echarts/node_modules/vue-demi Completed in 61ms
1071 timing build:link Completed in 63ms
1072 info run esbuild@0.21.5 postinstall node_modules/esbuild node install.js
1073 info run vue-demi@0.14.10 postinstall node_modules/vue-demi node -e "try{require('./scripts/postinstall.js')}catch(e){}"
1074 info run vue-echarts@6.7.3 postinstall node_modules/vue-echarts node ./scripts/postinstall.js
1075 info run vue-demi@0.13.11 postinstall node_modules/vue-echarts/node_modules/vue-demi node ./scripts/postinstall.js
1076 info run esbuild@0.21.5 postinstall { code: 0, signal: null }
1077 timing build:run:postinstall:node_modules/esbuild Completed in 995ms
1078 info run vue-echarts@6.7.3 postinstall { code: 0, signal: null }
1079 timing build:run:postinstall:node_modules/vue-echarts Completed in 1155ms
1080 info run vue-demi@0.14.10 postinstall { code: 0, signal: null }
1081 timing build:run:postinstall:node_modules/vue-demi Completed in 1292ms
1082 info run vue-demi@0.13.11 postinstall { code: 0, signal: null }
1083 timing build:run:postinstall:node_modules/vue-echarts/node_modules/vue-demi Completed in 1078ms
1084 timing build:run:postinstall Completed in 1397ms
1085 timing build:deps Completed in 1474ms
1086 timing build Completed in 1474ms
1087 timing reify:build Completed in 1475ms
1088 timing reify:trash Completed in 16ms
1089 timing reify:save Completed in 73ms
1090 timing reify Completed in 32686ms
1091 silly ADD node_modules/resize-detector
1092 silly ADD node_modules/@jridgewell/sourcemap-codec
1093 silly ADD node_modules/csstype
1094 silly ADD node_modules/@vue/runtime-core
1095 silly ADD node_modules/@vue/reactivity
1096 silly ADD node_modules/magic-string
1097 silly ADD node_modules/@vue/compiler-ssr
1098 silly ADD node_modules/@babel/helper-validator-identifier
1099 silly ADD node_modules/@babel/helper-string-parser
1100 silly ADD node_modules/@babel/types
1101 silly ADD node_modules/estree-walker
1102 silly ADD node_modules/entities
1103 silly ADD node_modules/@babel/parser
1104 silly ADD node_modules/@vue/compiler-core
1105 silly ADD node_modules/@vue/shared
1106 silly ADD node_modules/@vue/server-renderer
1107 silly ADD node_modules/@vue/runtime-dom
1108 silly ADD node_modules/@vue/compiler-sfc
1109 silly ADD node_modules/@vue/compiler-dom
1110 silly ADD node_modules/@types/estree
1111 silly ADD node_modules/@rollup/rollup-win32-x64-msvc
1112 silly ADD node_modules/@rollup/rollup-win32-x64-gnu
1113 silly ADD
1114 silly ADD
1115 silly ADD
1116 silly ADD
1117 silly ADD
1118 silly ADD
1119 silly ADD
1120 silly ADD
1121 silly ADD
1122 silly ADD
1123 silly ADD
1124 silly ADD
1125 silly ADD
1126 silly ADD
1127 silly ADD
1128 silly ADD
1129 silly ADD
1130 silly ADD
1131 silly ADD
1132 silly ADD
1133 silly ADD
1134 silly ADD
1135 silly ADD
1136 silly ADD node_modules/source-map-js
1137 silly ADD node_modules/picocolors
1138 silly ADD node_modules/nanoid
1139 silly ADD node_modules/@esbuild/win32-x64
1140 silly ADD
1141 silly ADD
1142 silly ADD
1143 silly ADD
1144 silly ADD
1145 silly ADD
1146 silly ADD
1147 silly ADD
1148 silly ADD
1149 silly ADD
1150 silly ADD
1151 silly ADD
1152 silly ADD
1153 silly ADD
1154 silly ADD
1155 silly ADD
1156 silly ADD
1157 silly ADD
1158 silly ADD
1159 silly ADD
1160 silly ADD
1161 silly ADD
1162 silly ADD node_modules/rollup
1163 silly ADD node_modules/postcss
1164 silly ADD
1165 silly ADD node_modules/esbuild
1166 silly ADD node_modules/vue-demi
1167 silly ADD node_modules/@vue/devtools-api
1168 silly ADD node_modules/mime-db
1169 silly ADD node_modules/ms
1170 silly ADD node_modules/debug
1171 silly ADD node_modules/agent-base
1172 silly ADD node_modules/dunder-proto
1173 silly ADD node_modules/math-intrinsics
1174 silly ADD node_modules/has-symbols
1175 silly ADD node_modules/gopd
1176 silly ADD node_modules/get-proto
1177 silly ADD node_modules/function-bind
1178 silly ADD node_modules/es-object-atoms
1179 silly ADD node_modules/es-define-property
1180 silly ADD node_modules/call-bind-apply-helpers
1181 silly ADD node_modules/has-tostringtag
1182 silly ADD node_modules/get-intrinsic
1183 silly ADD node_modules/es-errors
1184 silly ADD node_modules/delayed-stream
1185 silly ADD node_modules/mime-types
1186 silly ADD node_modules/hasown
1187 silly ADD node_modules/es-set-tostringtag
1188 silly ADD node_modules/combined-stream
1189 silly ADD node_modules/asynckit
1190 silly ADD node_modules/@vueuse/shared
1191 silly ADD node_modules/@vueuse/metadata
1192 silly ADD node_modules/@types/web-bluetooth
1193 silly ADD node_modules/@floating-ui/utils
1194 silly ADD node_modules/@floating-ui/core
1195 silly ADD node_modules/vue-component-type-helpers
1196 silly ADD node_modules/normalize-wheel-es
1197 silly ADD node_modules/memoize-one
1198 silly ADD node_modules/lodash-unified
1199 silly ADD node_modules/lodash-es
1200 silly ADD node_modules/lodash
1201 silly ADD node_modules/dayjs
1202 silly ADD node_modules/async-validator
1203 silly ADD node_modules/@vueuse/core
1204 silly ADD node_modules/@types/lodash-es
1205 silly ADD node_modules/@types/lodash
1206 silly ADD node_modules/@popperjs/core
1207 silly ADD node_modules/@floating-ui/dom
1208 silly ADD node_modules/@element-plus/icons-vue
1209 silly ADD node_modules/@ctrl/tinycolor
1210 silly ADD node_modules/zrender
1211 silly ADD node_modules/tslib
1212 silly ADD node_modules/proxy-from-env
1213 silly ADD node_modules/https-proxy-agent
1214 silly ADD node_modules/form-data
1215 silly ADD node_modules/follow-redirects
1216 silly ADD node_modules/vue-router
1217 silly ADD node_modules/vue-echarts
1218 silly ADD node_modules/vue-echarts/node_modules/vue-demi
1219 silly ADD node_modules/pinia
1220 silly ADD node_modules/element-plus
1221 silly ADD node_modules/echarts
1222 silly ADD node_modules/axios
1223 silly ADD node_modules/vite
1224 silly ADD node_modules/vue
1225 silly ADD node_modules/@vitejs/plugin-vue
1226 timing command:install Completed in 32714ms
1227 notice
1227 notice New [31mmajor[39m version of npm available! [31m10.2.3[39m -> [32m11.17.0[39m
1227 notice Changelog: [36mhttps://github.com/npm/cli/releases/tag/v11.17.0[39m
1227 notice Run [32mnpm install -g npm@11.17.0[39m to update!
1227 notice
1228 verbose exit 0
1229 timing npm Completed in 33355ms
1230 info ok
